Category,Name,Price,Reviews,URL,Clean_Price,Clean_Reviews,Clean_Rating,Price_Category,Value_Score
Electronics,,US$34.99,0,https://www.banggood.com/AMNVOLT-V4-ATS-Mini-SI4732-Radio-ALL-Band-DSP-Radio-FM-AM-SSB-LSB-USB-Receiver-built-in-Hi-Z-Headphone-Amplifier-Circuit-with-Dual-Antenna-p-2042514.html?rmmds=ElectronicsFlashDeals&cur_warehouse=CN&ID=6335577,,0,0.0,High,0.0
Electronics,,US$39.99,0,https://www.banggood.com/2Pcs-BAOFENG-UV-5R-Mini-5W-Walkie-Talkie-Bluetooth-APP-Programming-Multi-Band-One-Click-Copy-Frequency-Type-C-5R-Mini-Two-Way-Radio-p-2037975.html?rmmds=ElectronicsFlashDeals&cur_warehouse=CN&ID=6287836,,0,0.0,High,0.0
Electronics,,US$569.99,0,https://www.banggood.com/EU-or-US-DirectATOMSTACK-Maker-A30-PRO-or-S30-PRO-160W-Laser-Engraver-Real-33W-Laser-Power-6-core-Laser-Engraving-and-Cutting-Machine-p-2042208.html?rmmds=ElectronicsFlashDeals&cur_warehouse=USA&ID=6287832,,0,0.0,High,0.0
Electronics,,US$32.99,0,https://www.banggood.com/Hiseeu-C90B-4MP-Solar-WIFI-IP-Camera-Full-Color-Night-Vision-IP65-Waterproof-AI-Motion-Detection-Two-Way-Audio-100-pencent-Wireless-Eseecloud-App-Smart-Home-Surveillance-Monitor-p-2020046.html?rmmds=ElectronicsFlashDeals&cur_warehouse=CN&ID=6292509,,0,0.0,High,0.0
Electronics,,US$94.99,0,https://www.banggood.com/GA800-Radio-Shortwave-Antenna-Small-Active-Loop-Shortwave-Antenna-10kHz-159kHz-HF-p-1967167.html?rmmds=ElectronicsFlashDeals&cur_warehouse=CN&ID=0,,0,0.0,High,0.0
Electronics,,US$19.99,0,https://www.banggood.com/Chameleon-3_0-Smart-Card-Emulator-Compatible-with-NFC-Reader-Writer-RFID-Smart-Chip-ID-IC-Reader-Tag-Copyer-p-2041415.html?rmmds=ElectronicsFlashDeals&cur_warehouse=CN&ID=6287830,,0,0.0,High,0.0
Electronics,,US$22.99,0,https://www.banggood.com/1Pcs-Baofeng-UV-5R-Mini-5W-Power-Multi-Band-Walkie-Talkie-999-Channels-bluetooth-Programmable-One-key-Frequency-Pairing-Two-Way-Radio-1600mAh-Battery-with-Type-C-Charging-for-Outdoor-Camping-Hiking-Road-Trip-p-2040063.html?rmmds=ElectronicsFlashDeals&cur_warehouse=CN&ID=6287836,,0,0.0,High,0.0
Electronics,,US$319.99,0,https://www.banggood.com/US-DirectSCULPFUN-S30-Ultra-11W-Laser-Engraving-Machine-Laser-Cutter-600x600mm-Engraving-Area-Automatic-Air-Assist-Replaceable-Lens-Includes-Laser-Repair-Kit-Air-Assist-M8-Main-Board-p-1985202.html?rmmds=ElectronicsFlashDeals&cur_warehouse=USA&ID=0,,0,0.0,High,0.0
Electronics,,US$31.99,0,https://www.banggood.com/Hiseeu-WS418B-4K-8MP-Dual-Lens-Outdoor-WiFi-Camera-Wireless-PTZ-Security-ONVIF-H_265+-Cam-Night-Vision-AI-Humanoid-Detect-Auto-Tracking-Two-Way-Audio-Monitoring-IP-Cameras-p-2009650.html?rmmds=ElectronicsFlashDeals&cur_warehouse=CN&ID=6334907,,0,0.0,High,0.0
Electronics,,US$109.99,0,https://www.banggood.com/ATS25-Pro+-Supports-bluetooth-Wifi-AIR-band-FM-SW-SSB-MW-LW-AIR-SDR-Receiver-Aviation-Band-Receiver-Firmware-4_2-SI5351-p-2027915.html?rmmds=ElectronicsFlashDeals&cur_warehouse=CN&ID=6287830,,0,0.0,High,0.0
Electronics,,US$35.99,0,https://www.banggood.com/FNIRSI-FNB58-USB-QC-or-PD-Voltage-and-Current-Meter-Tester-Type-C-Multi-functional-Fast-Charging-Tester-HD-Screen-Display-Human-Computer-Interaction-Cable-Detection-Measure-Module-p-1969833.html?rmmds=ElectronicsFlashDeals&cur_warehouse=CN&ID=6321012,,0,0.0,High,0.0
Electronics,,US$6.99,0,https://www.banggood.com/ABBREE-AR-771S-SMA-Female-Universal-Soft-Antenna-For-Baofeng-UV5R-UV5RH-BF888S-Quansheng-p-2036442.html?rmmds=ElectronicsFlashDeals&cur_warehouse=CN&ID=6308406,,0,0.0,High,0.0
Electronics,,US$219.99,0,https://www.banggood.com/EU-or-US-or-BR-Direct-LONGER-RAY5-10W-Laser-Engraver-0_06x0_06mm-Laser-Spot-Air-Assist-Touch-Screen-Offline-Carving-32-Bit-Chipset-WiFi-Connection-Working-Area-400x400mm-p-1990566.html?rmmds=ElectronicsFlashDeals&cur_warehouse=USA&ID=0,,0,0.0,High,0.0
Electronics,,US$26.99,0,https://www.banggood.com/Hiseeu-4MP-or-5MP-PTZ-IP-Camera-Outdoor-Security-AI-Human-Detection-H_265X-Wireless-WiFi-Video-Surveillance-Cameras-iCsee-P2P-p-1982158.html?rmmds=ElectronicsFlashDeals&cur_warehouse=CN&ID=6332600,,0,0.0,High,0.0
Electronics,,US$49.99,0,https://www.banggood.com/AT-14-4-Way-Coax-Remote-Antenna-Switch-Convenient-Switching-1_8MHz-60MHz-500W-PEP-p-2036380.html?rmmds=ElectronicsFlashDeals&cur_warehouse=CN&ID=6287830,,0,0.0,High,0.0
Electronics,,US$43.99,0,https://www.banggood.com/AMNVOLT-V3S-Upgraded-Version-V4-ATS-Mini-SI4732-Radio-All-Band-Receiver-CNC-Metal-DSP-AM-FM-SSB-LSB-USB-Hi-Z-Circuit-p-2042092.html?rmmds=ElectronicsFlashDeals&cur_warehouse=CN&ID=6287830,,0,0.0,High,0.0
Electronics,,US$20.99,0,https://www.banggood.com/2Pcs-Baofeng-BF-T18-Mini-Walkie-Talkie-PMR446-License-Free-16-Channels-2W-Power-Long-Range-Type-C-Rechargeable-NOAA-Weather-Alerts-Hands-Free-Two-Way-Radio-p-2033612.html?rmmds=ElectronicsFlashDeals&cur_warehouse=CN&ID=6287830,,0,0.0,High,0.0
Electronics,,US$459.99,0,https://www.banggood.com/EU-or-US-or-BR-DirectTWO-TREES-TTC450-Pro-CNC-Laser-Engraver-460x460mm-Working-Area-Rounter-Machine-80W-Spindle-Motor-3-Axis-Control-Cutting-Engraving-Tool-for-Wood-Acrylic-Aluminum-p-2019630.html?rmmds=ElectronicsFlashDeals&cur_warehouse=USA&ID=47757,,0,0.0,High,0.0
Electronics,,US$47.99,0,https://www.banggood.com/Hiseeu-WTD904D-4MP-Pixels-Solar-Powered-Wireless-WIFI-IP-Camera-with-Color-Night-Vision-PIR-Motion-Alerts-5200mAh-Battery-Low-power-consumption-IP66-Waterproof-Security-Camera-p-2037961.html?rmmds=ElectronicsFlashDeals&cur_warehouse=CN&ID=6287845,,0,0.0,High,0.0
Electronics,,US$289.99,0,https://www.banggood.com/Micro-PA100-100W-HF-Amplifier-Auto-TX-or-RX-and-LPF-Switching-SWR-or-Temp-Protection-Compatible-with-ICOM-or-YAESU-or-XIEGU-p-2031508.html?rmmds=ElectronicsFlashDeals&cur_warehouse=CN&ID=6322210,,0,0.0,High,0.0
Electronics,,US$16.99,0,https://www.banggood.com/2-in-1-Version-WiFi-Function-Tuya-And-Smart-Life-Smoke-Detector-Sensor-and-Carbon-Monoxide-Co-Gas-Detector-Smoke-Fire-Sound-Alarm-p-1978139.html?rmmds=ElectronicsFlashDeals&cur_warehouse=CN&ID=6327276,,0,0.0,High,0.0
Electronics,,US$5.99,0,https://www.banggood.com/ABBREE-AR-806-AR-806+-Dual-Band-Mini-Antenna-136-174MHz-400-480MHz-SMA-Female-High-Gain-for-Baofeng-UV-5R-BF-888S-Walkie-Talkie-p-2028878.html?rmmds=ElectronicsFlashDeals&cur_warehouse=CN&ID=6331085,,0,0.0,High,0.0
Electronics,,US$7.99,0,https://www.banggood.com/Anti-lose-Tracker-for-iOS-Airtag-Replacement-via-Find-My-Bluetooth-GPS-Tracker-for-Luggage-iOS-MFi-Key-Finder-p-2033271.html?rmmds=ElectronicsFlashDeals&cur_warehouse=CN&ID=6327276,,0,0.0,High,0.0
Electronics,,US$5.49,0,https://www.banggood.com/ABBREE-AR-805S-Dual-Band-Antenna-144MHz-430MHz-10W-SMA-Female-Connector-High-Gain-Compact-Design-for-Handheld-Radios-p-2028877.html?rmmds=ElectronicsFlashDeals&cur_warehouse=CN&ID=527743,,0,0.0,High,0.0
Electronics,,US$229.00,0,https://www.banggood.com/KINGROON-PETG-3D-Printer-Filament-1_75mm-10kg-Grey-High-Strength-Easy-to-Print-Eco-Friendly-No-Bubbles-Smooth-Printing-High-Precision-p-2035806.html?rmmds=ElectronicsFlashDeals&cur_warehouse=CN&ID=6287836,,0,0.0,High,0.0
Electronics,,US$149.00,0,https://www.banggood.com/EU-or-US-DirectRefurbished-SCULPFUN-iCube-Pro-5W-Laser-Engraver-Portable-Laser-Engraving-Machine-with-Smoke-Filter-Temperature-Alarm-130x130mm-Engraving-Area-p-2024681.html?rmmds=ElectronicsFlashDeals&cur_warehouse=CN&ID=47757,,0,0.0,High,0.0
Electronics,,US$169.99,0,https://www.banggood.com/EU-or-US-or-BR-Direct-TWO-TREES-TS1-Mini-Laser-Engraver-Machine-3W-80x80mm-Engraving-Area-Desktop-CNC-Engraving-for-Wood-Leather-Plastic-Offline-Operation-with-Safety-Goggles-Lightburn-Compatible-DIY-Craft-Tool-p-2032894.html?rmmds=ElectronicsFlashDeals&cur_warehouse=CN&ID=6331903,,0,0.0,High,0.0
Electronics,,US$49.99,0,https://www.banggood.com/Iradio-UV-99-20W-Walkie-Talkie-Air-Multi-Band-High-Power-FM-NOAA-1024CH-Wireless-Copy-Frequency-Long-Range-Type-C-Charging-Ham-Two-Way-Radio-p-2034060.html?rmmds=ElectronicsFlashDeals&cur_warehouse=CN&ID=6287837,,0,0.0,High,0.0
Electronics,,US$109.99,0,https://www.banggood.com/Artillery-PLA-3D-Printer-Filament-1_75mm-10KG-Black-High-Precision-Eco-Friendly-Multiple-Colors-Zero-Bubble-Perfect-for-Models-and-Mechanical-Parts-p-2040707.html?rmmds=ElectronicsFlashDeals&cur_warehouse=CN&ID=6287830,,0,0.0,High,0.0
Electronics,,US$11.66,0,https://www.banggood.com/Signal-Amplifier-100k-6GHz-Full-Band-Low-Noise-9037BAT-LNA-RF-Amplifier-High-Linearity-Ultra-Low-Noise-Gain-Block-Amplifier-p-2012844.html?rmmds=ElectronicsFlashDeals&cur_warehouse=CN&ID=0,,0,0.0,High,0.0
Electronics,,US$699.00,0,https://www.banggood.com/EU-or-US-or-BR-DirectAlgolaser-Alphas-MK2-20W-Laser-Engraver-Diode-Laser-20000mm-or-min-Smart-Touchscreen-32GB-Storage-Multi-Software-Support-p-2023613.html?rmmds=ElectronicsFlashDeals&cur_warehouse=CN&ID=530035,,0,0.0,High,0.0
Electronics,,US$13.91,0,https://www.banggood.com/JYETech-DSO183-DIY-Oscilloscope-Kit-500KHz-ADC-Built-in-Signal-Generator-Waveform-Display-for-Electronic-Competition-Training-p-2035976.html?rmmds=ElectronicsFlashDeals&cur_warehouse=CN&ID=6321524,,0,0.0,High,0.0
Electronics,,US$9.99,0,https://www.banggood.com/Laser-Engraving-Blank-Aluminum-Sheets-86x54x021mm-Smooth-Surface-for-Business-Cards-Gift-Cards-DIY-Projects-p-2043312.html?rmmds=ElectronicsFlashDeals&cur_warehouse=CN&ID=6287830,,0,0.0,High,0.0
Electronics,,US$33.99,0,https://www.banggood.com/Baofeng-UV-9R-Pro-V2-High-Power-Long-Range-Walkie-Talkie-128-Channels-Tri-Power-Multi-band-Wireless-Copy-Frequency-IP68-Waterproof-Type-C-Rechargeable-Ham-Two-Way-Radio-with-Flashlight-p-2030668.html?rmmds=ElectronicsFlashDeals&cur_warehouse=CN&ID=6287830,,0,0.0,High,0.0
Electronics,,US$9.99,0,https://www.banggood.com/M9-Wireless-Video-Doorbell-Night-Vision-Two-way-Intercom-2_4G-WiFi-Phone-Remote-Visual-Door-Bell-50M-Penetration-p-2008337.html?rmmds=ElectronicsFlashDeals&cur_warehouse=CN&ID=0,,0,0.0,High,0.0
Electronics,,US$899.99,0,https://www.banggood.com/IKier-K1-Pro-24W-Laser-Engraving-Machine-Engraver-With-4_3-inch-Touch-Screen-800mm-or-s-Ultra-Fast-Speed-Motorized-Z-axis-Autofocus-p-2032588.html?rmmds=ElectronicsFlashDeals&cur_warehouse=CN&ID=47184,,0,0.0,High,0.0
Electronics,,US$19.99,0,https://www.banggood.com/Quansheng-UV-5R-PLUS-Walkie-Talkie-5W-Air-Band-Radio-Charge-UHF-VHF-DTMF-FM-Scrambler-NOAA-Wireless-Frequency-Two-Way-CB-Radio-p-2009655.html?rmmds=ElectronicsFlashDeals&cur_warehouse=CN&ID=0,,0,0.0,High,0.0
Electronics,,US$119.99,0,https://www.banggood.com/Hiseeu-8WK-4HD403-3MP-Wireless-WiFi-CCTV-Video-Surveillance-Camera-System-Outdoor-Audio-Street-Security-Protection-IP-Kit-Hiseeu-Motion-Alarm-p-1977294.html?rmmds=ElectronicsFlashDeals&cur_warehouse=CN&ID=0,,0,0.0,High,0.0
Electronics,,US$25.22,0,https://www.banggood.com/Donut-AM-MW-or-SW-Mini-Loop-Antenna+High-Resistance-Amplifier-Kit-for-HFDY-Malahiteam-DSP-DSP2-Receiver-HF-Middle-Wave-p-1997437.html?rmmds=ElectronicsFlashDeals&cur_warehouse=CN&ID=0,,0,0.0,High,0.0
Electronics,,US$39.99,0,https://www.banggood.com/Bajeton-BJ-8300-10W-Multi-Band-Handheld-Radio-bluetooth-Programmable-NOAA-Weather-Alert-Spectrum-Analyzer-SW-MW-LW-AM-SSB-CB-Transceiver-Two-way-Radio-Walkie-Talkie-p-2038492.html?rmmds=ElectronicsFlashDeals&cur_warehouse=CN&ID=6332569,,0,0.0,High,0.0
Electronics,,US$264.99,0,https://www.banggood.com/Hohem-M7-iSteady-M7-Cell-Phone-Gimbal-Stabilizer-3-axis-Anti-Shake-Stands-Extendable-Selfie-Stick-for-Live-Vlog-p-2029635.html?rmmds=ElectronicsFlashDeals&cur_warehouse=CN&ID=6331384,,0,0.0,High,0.0
Electronics,,US$19.99,0,https://www.banggood.com/2Pcs-ITSOK-PMR446-Mini-Walkie-Talkie-Long-Range-Commutator-Station-Kid-Toys-Amateur-Radio-Portable-Handheld-Two-Way-Radio-European-Version-p-1993900.html?rmmds=ElectronicsFlashDeals&cur_warehouse=CN&ID=6287830,,0,0.0,High,0.0
Electronics,,US$5.99,0,https://www.banggood.com/KEWEISI-KWS-1902L-Type-C-Tester-4-30V-0-8A-Power-Meter-USB-Fast-Charging-Monitor-Bidirectional-Testing-TFT-Display-High-Precision-Voltage-Current-Measurement-p-2041769.html?rmmds=ElectronicsFlashDeals&cur_warehouse=CN&ID=6287845,,0,0.0,High,0.0
Electronics,,US$64.99,0,https://www.banggood.com/Baofeng-DM-32UV-8W-Power-DMR-Digital-Analog-Walkie-Talkie-2_0-inch-TFT-GPS-APRS-4000-Channels-NOAA-VOXs-Type-C-Two-Way-Radio-With-Earphones-p-2033070.html?rmmds=ElectronicsFlashDeals&cur_warehouse=CN&ID=6287837,,0,0.0,High,0.0
Electronics,,US$28.99,0,https://www.banggood.com/BinTolk-BT8200-10W-Multi-Band-Radio-Walkie-Talkie-256-Channels-bluetooth-APP-Programming-NOAA-Weather-Alert-Type-C-Charging-Tri-Power-Output-VOXTwo-Way-Radio-p-2033105.html?rmmds=ElectronicsFlashDeals&cur_warehouse=CN&ID=6306498,,0,0.0,High,0.0
Electronics,,US$999.00,0,"https://www.banggood.com/EU-or-US-Direct-LONGER-RAY5-20W-Laser-Engraver-Cutter,Fixed-Focus,0_08+0_1mm-Laser-Spot,Color-Touchscreen,32-Bit-Chipset,Support-APP-Connection,Working-Area-375+375mm-p-1990568.html?rmmds=ElectronicsFlashDeals&cur_warehouse=CN&ID=0",,0,0.0,High,0.0
Electronics,,US$46.99,0,https://www.banggood.com/IRadio-DM-UV4R-DMR-Digital-Analog-Walkie-Talkie-Dual-Mode-1024-Channels-AES-256-Encryption-UHF-VHF-Wide-Frequency-Range-NOAA-Weather-Alerts-Type-C-Charging-Two-Way-Radio-p-2034095.html?rmmds=ElectronicsFlashDeals&cur_warehouse=CN&ID=6332569,,0,0.0,High,0.0
Electronics,,US$399.00,0,https://www.banggood.com/EU-or-US-Direct-SCULPFUN-S9-Laser-Engraving-Machine-Laser-Beam-Shaping-Technology-High-precision-Wood-Acrylic-Laser-Engraver-Cutting-Machine-410x420mm-Engraving-Area-Full-Metal-Structure-Quick-Assembly-Design-p-1897981.html?rmmds=ElectronicsFlashDeals&cur_warehouse=CN&ID=47184,,0,0.0,High,0.0
Electronics,,,0,https://www.banggood.com/Baofeng-DM-32UV-Walkie-Talkie-DMR-Digital-Analog-Two-Way-Radio-8W-Power-GPS-APRS-4000-Channels-Dual-Mode-Communication-Green-Walkie-Talkie-p-2028868.html?rmmds=ElectronicsFlashDeals,,0,0.0,High,0.0
Electronics,,,0,https://www.banggood.com/Baofeng-DM-32UV-8W-DMR-Digital-Analog-Walkie-Talkie-2_0-inch-TFT-GPS-APRS-4000-Channels-Type-C-NOAA-VOXs-Sand-Color-Two-Way-Radio-p-2031506.html?rmmds=ElectronicsFlashDeals,,0,0.0,High,0.0
Electronics,,,0,https://www.banggood.com/BAOFENG-UV-S9-Plus-Walkie-Talkie-Green-Yellow-Tri-Band-10W-With-USB-Charger-Powerful-CB-Radio-Transceiver-VHF-UHF-p-1924148.html?rmmds=ElectronicsFlashDeals,,0,0.0,High,0.0
Electronics,,,0,https://www.banggood.com/Hiseeu-HB615-H_265-5MP-Security-IP-Camera-POE-ONVIF-Outdoor-Waterproof-IP66-CCTV-P2P-Video-Camera-p-1378632.html?rmmds=ElectronicsFlashDeals,,0,0.0,High,0.0
Electronics,,,0,https://www.banggood.com/Hiseeu-C90-4MP-Solar-WIFI-IP-Camera-HD-Video-Night-Full-Color-AI-Motion-Detect-Two-Way-Talk-100-pencent-Wireless-with-1_6W-Solar-Panel-Eseecloud-App-p-2020045.html?rmmds=ElectronicsFlashDeals,,0,0.0,High,0.0
Electronics,,,0,https://www.banggood.com/Hiseeu-HB718-PA-4K-8MP-POE-IP-Camera-Intelligent-Night-Vision-P2P-Motion-Detection-Two-way-Audio-H_265-Waterproof-Outdoor-CCTV-Safety-Camera-for-Home-Use-p-1975987.html?rmmds=ElectronicsFlashDeals,,0,0.0,High,0.0
Electronics,,,0,https://www.banggood.com/EU-or-US-DirectTWO-TREES-500W-Air-Cooled-Cooling-Kit-for-CNC-Routers-p-2038889.html?rmmds=ElectronicsFlashDeals,,0,0.0,High,0.0
Electronics,,,0,https://www.banggood.com/EU-or-UK-or-US-or-AU-or-MX-DirectTWOTREES-10W-TTS-10-PRO-Laser-Engraver-Upgraded-Totem-S-Engraving-Machine-300x300mm-Engraving-Area-10W-Laser-Module-APP-Connection-Remote-Control-p-1998958.html?rmmds=ElectronicsFlashDeals,,0,0.0,High,0.0
Electronics,,,0,https://www.banggood.com/BR-Direct-TwoTrees-TTS-20-Pro-130W-High-Speed-Laser-Engraver-CNC-Support-Offline-Engraving-Metal-20W-Powerful-Laser-Engraving-Machine-p-1990491.html?rmmds=ElectronicsFlashDeals,,0,0.0,High,0.0
Electronics,,,0,https://www.banggood.com/EU-or-US-DirectRefurbished-AtomStack-P1-5W-Diode-Laser+1_2W-Infrared-Laser-Engraving-Machine-Portable-Dual-motor-Drive-10000mm-or-min-110+110mm-Working-Area-0_1mm-High-Precision-Dual-Laser-Engraver-for-Woods-Bamboo-Metal-Plastic-p-2043695.html?rmmds=ElectronicsFlashDeals,,0,0.0,High,0.0
Electronics,,,0,https://www.banggood.com/EU-or-US-Direct-ATOMSTACK-Swift-7W-Portable-Laser-Engraver-300x300mm-10000mm-or-min-DIY-Laser-Cut-Engraving-Machine-for-Wood-and-Metal-Dark-Acrylic-Glass-Metal-p-2042356.html?rmmds=ElectronicsFlashDeals,,0,0.0,High,0.0
Electronics,,,0,https://www.banggood.com/EU-or-US-DirectATOMSTACK-Swift-12W-Portable-Laser-Engraver-300x300mm-10000mm-or-min-DIY-Laser-Cut-Engraving-Machine-for-Wood-and-Metal-Dark-Acrylic-Glass-Metal-p-2042366.html?rmmds=ElectronicsFlashDeals,,0,0.0,High,0.0
Electronics,,US$44.99,0,https://www.banggood.com/4MP-HD-WiFi-Solar-Powered-Camera-PTZ-Night-Vision-PIR-Human-Detect-Two-Way-Audio-7200mAh-Battery-Outdoors-Wireless-Security-CCTV-Camera-p-2041856.html?rmmds=ElectronicsFlashDeals&cur_warehouse=CN&ID=6287845,,0,0.0,High,0.0
Electronics,,US$6.99,0,https://www.banggood.com/ABBREE-AR-771S-SMA-Female-Universal-Soft-Antenna-For-Baofeng-UV5R-UV5RH-BF888S-Quansheng-p-2036442.html?rmmds=ElectronicsFlashDeals&cur_warehouse=CN&ID=6308406,,0,0.0,High,0.0
Electronics,,US$23.99,0,https://www.banggood.com/Chameleon-3_0-Smart-Card-Emulator-Compatible-with-NFC-Reader-Writer-RFID-Smart-Chip-ID-IC-Reader-Tag-Copyer-p-2041415.html?rmmds=ElectronicsFlashDeals&cur_warehouse=CN&ID=6287830,,0,0.0,High,0.0
Electronics,,US$9.99,0,https://www.banggood.com/Laser-Engraving-Blank-Aluminum-Sheets-86x54x021mm-Smooth-Surface-for-Business-Cards-Gift-Cards-DIY-Projects-p-2043312.html?rmmds=ElectronicsFlashDeals&cur_warehouse=CN&ID=6287830,,0,0.0,High,0.0
Electronics,,US$42.99,0,https://www.banggood.com/PGST-PG-103-Tuya-Wireless-Alarm-System-for-Home-Burglar-Security-WiFi-GSM-APP-Voice-Control-Support-Alexa-Google-Assistant-p-2004950.html?rmmds=ElectronicsFlashDeals&cur_warehouse=CN&ID=0,,0,0.0,High,0.0
Electronics,,US$52.99,0,https://www.banggood.com/0_5-470MHz-RF-Signal-Generator-for-FM-Walkie-Talkie-Sensitivity-Test-with-CTCSS-and-800Hz-Modulation-120dBm-Accuracy-p-2036459.html?rmmds=ElectronicsFlashDeals&cur_warehouse=CN&ID=229,,0,0.0,High,0.0
Electronics,,US$35.99,0,https://www.banggood.com/FNIRSI-FNB58-USB-QC-or-PD-Voltage-and-Current-Meter-Tester-Type-C-Multi-functional-Fast-Charging-Tester-HD-Screen-Display-Human-Computer-Interaction-Cable-Detection-Measure-Module-p-1969833.html?rmmds=ElectronicsFlashDeals&cur_warehouse=CN&ID=6321012,,0,0.0,High,0.0
Electronics,,US$16.99,0,https://www.banggood.com/RANA-Z-Axis-Lift-Height-Adjuster-55mm-Stroke-Sheet-Metal-Design-Laser-Module-Focusing-Control-TT-5_5S-TTS-25-TTS-55-TTS-10-Engraving-Machine-Accessory-p-2040923.html?rmmds=ElectronicsFlashDeals&cur_warehouse=CN&ID=6287830,,0,0.0,High,0.0
Electronics,,US$22.99,0,https://www.banggood.com/DC1018p-DC1036p-5V-or-9V-or-12V-Large-Capacity-UPS-For-Router-Mini-UPS-Uninterrupted-Power-Supply-DC1018p-or-DC1036p-Ion-Backup-Battery-p-2032635.html?rmmds=ElectronicsFlashDeals&cur_warehouse=CN&ID=471846332500,,0,0.0,High,0.0
Electronics,,US$299.99,0,https://www.banggood.com/AMNVOLT-ATR1000-1000W-1_8-30MHz-Automatic-Antenna-Tuner-HF-Shortwave-Radio-Tuner-Supports-WIFI-Remote-Control-For-YAESU-ICOM-p-2042560.html?rmmds=ElectronicsFlashDeals&cur_warehouse=CN&ID=6287830,,0,0.0,High,0.0
Electronics,,US$29.99,0,"https://www.banggood.com/SCULPFUN-S9-Air-Assist-Nozzle-Kit-without-Air-Pump,High-Speed-Air-Assist,Full-Metal-Structure-p-1963500.html?rmmds=ElectronicsFlashDeals&cur_warehouse=CN&ID=0",,0,0.0,High,0.0
Electronics,,US$37.99,0,https://www.banggood.com/WG39-WiFi-IP-Camera-1080P-Full-Color-Night-Vision-IP66-Waterproof-Two-Way-Audio-Pan-Tilt-Control-AI-Motion-Monitoring-EU-Plug-Security-Camera-p-2035242.html?rmmds=ElectronicsFlashDeals&cur_warehouse=CN&ID=47184,,0,0.0,High,0.0
Electronics,,US$5.39,0,https://www.banggood.com/12V-or-24V-or-36V-or-48V-8-70V-LCD-Acid-Lead-3_7V-Lithium-Battery-Capacity-Indicator-Digital-Voltmeter-p-1326158.html?rmmds=ElectronicsFlashDeals&cur_warehouse=CN&ID=0,,0,0.0,High,0.0
Electronics,,US$17.99,0,https://www.banggood.com/SCULPFUN-S9-or-S10-standard-limit-switch-Open-homing-positioning-function-Perfect-match-S9-or-S10-Easy-to-install-Direct-use-no-need-purchasing-additional-accessories-p-1974938.html?rmmds=ElectronicsFlashDeals&cur_warehouse=CN&ID=0,,0,0.0,High,0.0
Electronics,,US$16.99,0,https://www.banggood.com/2-in-1-Version-WiFi-Function-Tuya-And-Smart-Life-Smoke-Detector-Sensor-and-Carbon-Monoxide-Co-Gas-Detector-Smoke-Fire-Sound-Alarm-p-1978139.html?rmmds=ElectronicsFlashDeals&cur_warehouse=CN&ID=6327276,,0,0.0,High,0.0
Electronics,,US$5.99,0,https://www.banggood.com/ABBREE-AR-806-AR-806+-Dual-Band-Mini-Antenna-136-174MHz-400-480MHz-SMA-Female-High-Gain-for-Baofeng-UV-5R-BF-888S-Walkie-Talkie-p-2028878.html?rmmds=ElectronicsFlashDeals&cur_warehouse=CN&ID=6331085,,0,0.0,High,0.0
Electronics,,US$7.99,0,https://www.banggood.com/Anti-lose-Tracker-for-iOS-Airtag-Replacement-via-Find-My-Bluetooth-GPS-Tracker-for-Luggage-iOS-MFi-Key-Finder-p-2033271.html?rmmds=ElectronicsFlashDeals&cur_warehouse=CN&ID=6327276,,0,0.0,High,0.0
Electronics,,US$5.49,0,https://www.banggood.com/ABBREE-AR-805S-Dual-Band-Antenna-144MHz-430MHz-10W-SMA-Female-Connector-High-Gain-Compact-Design-for-Handheld-Radios-p-2028877.html?rmmds=ElectronicsFlashDeals&cur_warehouse=CN&ID=527743,,0,0.0,High,0.0
Electronics,,US$5.49,0,https://www.banggood.com/BAOFENG-2-Pins-Plug-USB-Programming-Cable-for-Walkie-Talkie-for-UV-5R-serise-BF-888S-Walkie-Talkie-Accessories-p-1738108.html?rmmds=ElectronicsFlashDeals&cur_warehouse=CN&ID=0,,0,0.0,High,0.0
Electronics,,US$3.59,0,https://www.banggood.com/8_5-x-5_5cm-400-Tie-Points-400-Holes-Solderless-Breadboard-Bread-Board-p-91872.html?rmmds=ElectronicsFlashDeals&cur_warehouse=CN&ID=0,,0,0.0,High,0.0
Electronics,,US$5.49,0,https://www.banggood.com/ABBREE-AR-188-SMA-Female-Tactical-Antenna-Dual-Band-25W-UHF-or-VHF-136-174MHz-400-520MHz-High-Gain-Compatible-With-Baofeng-Radios-Enhanced-Signal-Reception-p-2031219.html?rmmds=ElectronicsFlashDeals&cur_warehouse=CN&ID=0,,0,0.0,High,0.0
Electronics,,US$6.99,0,https://www.banggood.com/ABBREE-AR-795-Walkie-Talkie-Antenna-UV-795-Dual-Band-High-Gain-SMA-Female-V-or-UHF-Antenna-for-Baofeng-UV-5R-UV-32-UV-21-PRO-Quansheng-K5-TK11-p-2039743.html?rmmds=ElectronicsFlashDeals&cur_warehouse=CN&ID=6334679,,0,0.0,High,0.0
Electronics,,US$24.99,0,https://www.banggood.com/Contactless-Smart-Card-Emulator-ID-IC-Chip-Detect-Card-RFID-Tag-Emulator-Compliant-with-NFC-Reading-Writer-p-2041048.html?rmmds=ElectronicsFlashDeals&cur_warehouse=CN&ID=530695,,0,0.0,High,0.0
Electronics,,US$5.99,0,https://www.banggood.com/Two-Way-Radio-Walkie-Talkie-2-Pin-Radio-Handheld-Microphone-Speaker-for-Motorola-BAOFENG-PUXING-p-1288856.html?rmmds=ElectronicsFlashDeals&cur_warehouse=CN&ID=0,,0,0.0,High,0.0
Electronics,,US$12.99,0,https://www.banggood.com/Signal-Amplifier-100k-6GHz-Full-Band-Low-Noise-9037BAT-LNA-RF-Amplifier-High-Linearity-Ultra-Low-Noise-Gain-Block-Amplifier-p-2012844.html?rmmds=ElectronicsFlashDeals&cur_warehouse=CN&ID=0,,0,0.0,High,0.0
Electronics,,US$15.77,0,https://www.banggood.com/JYETech-DSO183-DIY-Oscilloscope-Kit-500KHz-ADC-Built-in-Signal-Generator-Waveform-Display-for-Electronic-Competition-Training-p-2035976.html?rmmds=ElectronicsFlashDeals&cur_warehouse=CN&ID=6321524,,0,0.0,High,0.0
Electronics,,US$28.70,0,https://www.banggood.com/Donut-AM-MW-or-SW-Mini-Loop-Antenna+High-Resistance-Amplifier-Kit-for-HFDY-Malahiteam-DSP-DSP2-Receiver-HF-Middle-Wave-p-1997437.html?rmmds=ElectronicsFlashDeals&cur_warehouse=CN&ID=0,,0,0.0,High,0.0
Electronics,,US$264.99,0,https://www.banggood.com/Hohem-M7-iSteady-M7-Cell-Phone-Gimbal-Stabilizer-3-axis-Anti-Shake-Stands-Extendable-Selfie-Stick-for-Live-Vlog-p-2029635.html?rmmds=ElectronicsFlashDeals&cur_warehouse=CN&ID=6331384,,0,0.0,High,0.0
Electronics,,US$9.59,0,https://www.banggood.com/KEWEISI-KWS-1902L-Type-C-Tester-4-30V-0-8A-Power-Meter-USB-Fast-Charging-Monitor-Bidirectional-Testing-TFT-Display-High-Precision-Voltage-Current-Measurement-p-2041769.html?rmmds=ElectronicsFlashDeals&cur_warehouse=CN&ID=6287845,,0,0.0,High,0.0
Electronics,,US$10.99,0,https://www.banggood.com/5Pcs-LM2596-DC-DC-Voltage-Regulator-Adjustable-Step-Down-Power-Supply-Module-With-Display-p-1180685.html?rmmds=ElectronicsFlashDeals&cur_warehouse=CN&ID=0,,0,0.0,High,0.0
Electronics,,US$8.99,0,https://www.banggood.com/XY6020L-6-70V-CNC-Adjustable-Stabilized-Voltage-Power-Supply-Constant-Voltage-Constant-Current-20A-or-1200W-Buck-Module-p-1995536.html?rmmds=ElectronicsFlashDeals&cur_warehouse=CN&ID=6336066,,0,0.0,High,0.0
Electronics,,US$114.99,0,https://www.banggood.com/LILYGO-T-Deck-Pro-ESP32-S3-Development-Board-4G-or-PCM5102A-or-LoRa-or-GPS-E-Paper-Touchscreen-QWIIC-Interface-IoT-Communication-Device-p-2036455.html?rmmds=ElectronicsFlashDeals&cur_warehouse=CN&ID=63241736333564,,0,0.0,High,0.0
Electronics,,US$9.99,0,https://www.banggood.com/6-Digits-DIY-Clock-Kit-Auto-Display-Time-DIY-Alarm-Clock-Soldering-Practice-Kit-for-Students-and-Diyers-DC4_5V-5_5V-p-2009342.html?rmmds=ElectronicsFlashDeals&cur_warehouse=CN&ID=6314576,,0,0.0,High,0.0
Electronics,,US$95.99,0,https://www.banggood.com/HackRF-One-Bareboard-NewMayhem-Firmware-V1_7_3-Hackrf-One-1MHz-6GHz-Software-Defined-Radio-p-1998396.html?rmmds=ElectronicsFlashDeals&cur_warehouse=CN&ID=0,,0,0.0,High,0.0
Electronics,,US$39.99,0,https://www.banggood.com/1003L-10-inch-IPS-Digital-Picture-Frame-1280x800-HD-Photo-Video-Player-Remote-Control-Calendar-Clock-Plug-and-Play-SD-or-USB-Wall-Mount-Home-Decor-Gift-for-Family-p-2032652.html?rmmds=ElectronicsFlashDeals&cur_warehouse=CN&ID=471846287845,,0,0.0,High,0.0
Electronics,,US$8.99,0,https://www.banggood.com/Electromagnetic-DIY-Electronic-Kit-Long-range-Projectile-High-voltage-Coil-Booster-Circuit-Board-Production-Welding-Electronic-Science-Experiment-p-2011151.html?rmmds=ElectronicsFlashDeals&cur_warehouse=CN&ID=6309505,,0,0.0,High,0.0
Electronics,,US$12.59,0,https://www.banggood.com/Geekcreit-DIY-Radio-Electronic-Kit-Parts-51-Single-chip-FM-Digital-Sound-Machine-p-1982860.html?rmmds=ElectronicsFlashDeals&cur_warehouse=CN&ID=0,,0,0.0,High,0.0
Electronics,,US$15.99,0,https://www.banggood.com/LILYGO-T-Display-S3-ESP32-S3-1_9-inch-ST7789-LCD-Display-Development-Board-WIFI-Bluetooth5_0-Wireless-Module-170+320-Resolution-p-1993268.html?rmmds=ElectronicsFlashDeals&cur_warehouse=CN&ID=6320854,,0,0.0,High,0.0
Electronics,,US$59.99,0,https://www.banggood.com/AlgoLaser-Simple-Rotary-Roller-Plug-and-Play-for-5-100mm-Diameter-Objects-Laser-Engraving-Parts-Accessory-p-2037010.html?rmmds=ElectronicsFlashDeals&cur_warehouse=CN&ID=6287830,,0,0.0,High,0.0
Electronics,,US$35.99,0,https://www.banggood.com/RIDEN-RD6018-RD6018W-RD6024-RD6024W-RD6030-Digital-Switching-Power-Supply-Case-S800-Shell-For-Voltage-Converter-p-1995241.html?rmmds=ElectronicsFlashDeals&cur_warehouse=CN&ID=6323987,,0,0.0,High,0.0
Electronics,,US$80.95,0,https://www.banggood.com/ST-15B-87-108MHz-15W-FM-Broadcast-Transmitter-Stereo-PLL-FM-Radio-Broadcast-Station-p-2043154.html?rmmds=ElectronicsFlashDeals&cur_warehouse=CN&ID=6333530,,0,0.0,High,0.0
Electronics,,US$38.45,0,https://www.banggood.com/Sipeed-NanoKVM-PiKVM-Mini-Remote-Control-Server-1080P-60fps-RISC-V-USB-OLED-Display-Development-Board-p-2032971.html?rmmds=ElectronicsFlashDeals&cur_warehouse=CN&ID=6332583,,0,0.0,High,0.0
Electronics,,US$27.59,0,https://www.banggood.com/RF-2-in-1-IoT-Module-for-M5Stack-StickCPlus-StickC-Plus-Extension-with-NRF24-2_4GHz-and-CC1101-433MHz-Support-Bruce-Firmware-p-2038692.html?rmmds=ElectronicsFlashDeals&cur_warehouse=CN&ID=6300084,,0,0.0,High,0.0
Electronics,,US$30.99,0,https://www.banggood.com/NITECORE-BB-nano-40000RPM-Electric-Camera-Air-Blower-Mini-High-speed-Cordless-Vacuum-Cleaner-Len-Sensor-Duster-for-Cameras-Keyboard-Anime-Car-Pet-p-2008799.html?rmmds=ElectronicsFlashDeals&cur_warehouse=CN&ID=0,,0,0.0,High,0.0
Electronics,,US$13.91,0,https://www.banggood.com/High-Impedance-Amplifier-for-SDR-Walkie-Talkie-Small-Loop-Antenna-HackRF-One-Donut-Antenna-p-1997436.html?rmmds=ElectronicsFlashDeals&cur_warehouse=CN&ID=6287830,,0,0.0,High,0.0
Electronics,,US$102.39,0,https://www.banggood.com/RIDEN-1500W-AC110V-or-220V-to-DC-68V-Regulated-Switching-Power-Supply-for-RD6018-RD6024-RD6030-p-1995203.html?rmmds=ElectronicsFlashDeals&cur_warehouse=CN&ID=0,,0,0.0,High,0.0
Electronics,,US$53.99,0,https://www.banggood.com/Graphics-Card-Docking-Station-Video-Card-Dock-Station-Beast-Oculink-PCI-E-4_0-X4-Laptop-for-Oculink-Interface-p-2007344.html?rmmds=ElectronicsFlashDeals&cur_warehouse=CN&ID=6325495,,0,0.0,High,0.0
Electronics,,US$33.99,0,https://www.banggood.com/2_4GHz-Microwave-RF-Power-Amplifier-Module-10W-Output-40dB-Gain-High-Frequency-Amplifier-Board-for-Wireless-Communication-Systems-p-2024404.html?rmmds=ElectronicsFlashDeals&cur_warehouse=CN&ID=6329856,,0,0.0,High,0.0
Electronics,,,0,https://www.banggood.com/Geekcreit-DIY-Mini-Tesla-Coil-Module-Unassembled-15W-DC-15-24V-2A-Plasma-Speaker-Electronic-Kit-p-1998761.html?rmmds=ElectronicsFlashDeals,,0,0.0,High,0.0
Electronics,,,0,https://www.banggood.com/Geekcreit-6DOF-MPU-6050-3-Axis-Gyro-With-Accelerometer-Sensor-Module-p-80862.html?rmmds=ElectronicsFlashDeals,,0,0.0,High,0.0
Electronics,,,0,https://www.banggood.com/Geekcreit-ATmega328P-Nano-V3-Controller-Board-Improved-Version-Module-Development-Board-p-940937.html?rmmds=ElectronicsFlashDeals,,0,0.0,High,0.0
Electronics,,,0,https://www.banggood.com/AD-109-Magnetic-Mount-Mobile-Antenna-Dual-Band-VHF-UHF-136-174MHz-400-520MHz-High-Gain-5M-Cable-for-Baofeng-UV-5R-UV-5RH-Ham-Radio-p-2039747.html?rmmds=ElectronicsFlashDeals,,0,0.0,High,0.0
Electronics,,,0,https://www.banggood.com/ABBREE-KF-106-Wireless-Key-Finder-RF-Key-Locator-Anti-loss-Devices-Pet-Wallet-Tracker-Remote-Control-1-RF-Transmitter-6-Receiver-for-Child-and-Old-p-2041261.html?rmmds=ElectronicsFlashDeals,,0,0.0,High,0.0
Electronics,,,0,https://www.banggood.com/ABBREE-AR-243-SMA-Female-Mini-Antenna-UHF-400-480MHz-Short-Small-Antenna-for-Walkie-Talkie-Baofeng-BF-888S-UV5R-UV-21-PRO-p-2030747.html?rmmds=ElectronicsFlashDeals,,0,0.0,High,0.0
Electronics,,,0,https://www.banggood.com/Artillery-Hotend-Assembly-for-SW-X3-or-SW-X4-p-2035723.html?rmmds=ElectronicsFlashDeals,,0,0.0,High,0.0
Electronics,,,0,https://www.banggood.com/Artillery-Mainboard-For-SW-X3-Plus-p-2035724.html?rmmds=ElectronicsFlashDeals,,0,0.0,High,0.0
Electronics,,,0,https://www.banggood.com/Artillery-X4-Plus-or-X4-Pro-Cable-Harness-3D-Printer-Accessory-p-2037013.html?rmmds=ElectronicsFlashDeals,,0,0.0,High,0.0
Electronics,,,0,https://www.banggood.com/DALY-Bluetooth-WiFi+BT-Module-APP-Control-Accessories-for-Lithium-Battery-Protection-Board-p-2015635.html?rmmds=ElectronicsFlashDeals,,0,0.0,High,0.0
Electronics,,,0,https://www.banggood.com/Daly-BMS-LiFePO4-Smart-Board-Iron-Lithium-Battery-Protection-Board-with-Balance+bluetooth+RS485+CAN-M-type-4~24-Series-with-Parallel-Module-3_65V-p-2017990.html?rmmds=ElectronicsFlashDeals,,0,0.0,High,0.0
Electronics,,,0,https://www.banggood.com/DALY-YH-YK-YM-Battery-Management-System-7-17S-Li-ion-LiFePO4-48V60V-Smart-Bluetooth-Version-BMS-High-Current-Protection-Module-p-2040986.html?rmmds=ElectronicsFlashDeals,,0,0.0,High,0.0
Smartphones,,US$361.99,0,https://www.banggood.com/Ulefone-Armor-27T-Pro-5G-Thermal-Imaging-24GB-256GB-50MP-Dual-Camera-64MP-Night-Vision-Dimensity-6300-6_78-inch-120Hz-10600mAh-33W-Fast-Charge-30W-Wireless-Charge-Android-14-NFC-IP68-IP69K-Waterproof-Rugged-Smartphone-p-2020211.html?rmmds=PhonesFlashDeals&cur_warehouse=HK&ID=62464446287830,,0,0.0,High,0.0
Smartphones,,US$35.99,0,https://www.banggood.com/GaN-Tech-Blitzwolf-BW-S31-240W-6-Port-USB-PD-Charger-4USB-C+2USB-A-QC-PD-Digital-Display-Fast-Charging-Desktop-Charging-Station-for-iPhone-16-16-Pro-15-14-13-Pro-Max-for-MacBook-Pro-for-Airpods-for-Apple-Watch-p-2035160.html?rmmds=PhonesFlashDeals&cur_warehouse=CN&ID=6287830,,0,0.0,High,0.0
Smartphones,,US$69.99,0,https://www.banggood.com/MOVESPEED-M25Pro-145W-25000mAh-Power-Bank-LED-Display-External-Battery-Power-Supply-with-1-Input-and-3-Outputs-Support-PD3_1-Fast-Charging-for-iPhone-16-16-Pro-15-14-13-Pro-Max-for-Xiaomi-15pro-for-Samsung-Galaxy-S25-Ultra-p-2043779.html?rmmds=PhonesFlashDeals&cur_warehouse=CN&ID=6287853,,0,0.0,High,0.0
Smartphones,,US$24.99,0,https://www.banggood.com/Q8-Mini-2G-or-4G-GSM-2_4-Inch-Dual-SIM-Card-16800mAh-FM-Big-Buttons-SOS-Keys-Speed-Dial-Dual-LED-Flashlight-Loud-Volume-Shockproof-Mobile-Phone-p-2026224.html?rmmds=PhonesFlashDeals&cur_warehouse=CN&ID=62878306297506,,0,0.0,High,0.0
Smartphones,,US$4.74,0,https://www.banggood.com/120W-USB-A-to-Type-C-Cable-with-Digital-Display-Fast-Charging-Data-Transmission-Copper-Core-Line-1M-or-2M-Long-for-iPhone-15-15-Plus-for-Huawei-Pura-70-Ultra-for-Xiaomi-Civi-4-Pro-for-Samsung-Galaxy-S24-p-2018312.html?rmmds=PhonesFlashDeals&cur_warehouse=CN&ID=5673716327974,,0,0.0,High,0.0
Smartphones,,US$39.99,0,https://www.banggood.com/GaN-TechBlitzwolf-BW-i116-Max-105W-6-in-1-Power-Combo-Desktop-Charger-Station-with-Built-in-Dual-Telescopic-Type-C-Cable-+-USB-A+USB-C-+-2-in-1-Wireless-Charger-for-Smart-Phones-for-iPhone-16-16-Pro-15-14-p-2038973.html?rmmds=PhonesFlashDeals&cur_warehouse=CN&ID=6287830,,0,0.0,High,0.0
Smartphones,,US$9.99,0,https://www.banggood.com/LDNIO-MV21-15W-Wireless-Charger-Car-Phone-Holder-Grip-Mobile-Clamp-Stand-Retractable-Base-Bracket-Support-for-IPhone-15-14-13-for-Samsung-Galaxy-S24-for-Huawei-Pura-70-Ultra-p-2016918.html?rmmds=PhonesFlashDeals&cur_warehouse=CN&ID=6284228,,0,0.0,High,0.0
Smartphones,,US$5.22,0,https://www.banggood.com/Mini-bluetooth-GPS-Tracker-Anti-Lost-Pet-Kids-Wallet-Key-bag-Positioning-Smart-BT-Find-Locator-Tag-Alarm-Reminder-for-Ios-Android-p-2022714.html?rmmds=PhonesFlashDeals&cur_warehouse=CN&ID=6287830,,0,0.0,High,0.0
Smartphones,,US$209.99,0,https://www.banggood.com/Ulefone-Armor-X32-Pro-5G-16GB-256GB-64MP-Triple-Camera-25MP-Night-Vision-5_65-inch-5500mAh-Android-14-NFC-Dimensity-6300-IP68-IP69K-Waterproof-Rugged-Smartphone-p-2031445.html?rmmds=PhonesFlashDeals&cur_warehouse=HK&ID=6287837,,0,0.0,High,0.0
Smartphones,,US$5.79,0,https://www.banggood.com/BlitzWolf-BK-385-48W-4-USB-Ports-QC-3_0-Fast-Charger-Wall-Travel-Charging-EU-Plug-Adapter-For-iPhone-14-14-Plus-14-Pro-Max-for-iPad-Pro-For-Samsung-Galaxy-S22-Ultra-Galaxy-Z-Flip-4-For-Xiaomi-Mi-12T-Redmi-Note-12-p-1996861.html?rmmds=PhonesFlashDeals&cur_warehouse=CN&ID=6287830,,0,0.0,High,0.0
Smartphones,,US$45.99,0,https://www.banggood.com/Xiaomi-PB1165MI-165W-36Wh-10000mAh-Power-Bank-Integrated-USB-C-Cable-LED-Display-External-Battery-Power-Supply-with-2-Inputs-and-2-Outputs-Support-PD2_0-or-3_0-QC2_0-or-3_0-PPS-BC1_2-Apple2_4-Fast-Charging-for-iPhone-17-16-Pro-15-14-13-Pro-Max-for-Huawei-Mate-XT-p-2043132.html?rmmds=PhonesFlashDeals&cur_warehouse=CN&ID=6287836,,0,0.0,High,0.0
Smartphones,,US$31.49,0,https://www.banggood.com/SOYES-XS15-Mini-3_0-Inch-2GB-RAM-16GB-ROM-1000mAh-Dual-SIM-Standby-WiFi-GPS-Android-8_1-3G-Quad-Core-Mobile-Phone-p-2017323.html?rmmds=PhonesFlashDeals&cur_warehouse=CN&ID=6287830,,0,0.0,High,0.0
Smartphones,,US$1.40,0,https://www.banggood.com/7A-USB-to-Type-C-Cable-Support-6A-or-7A-Fast-Charging-Data-Transmission-Protocol-PVC-Core-Line-0_25M-or-1M-or-2M-Long-for-Huawei-Mate-40Pro-for-Xiaomi-Mi12-for-Samsung-Galaxy-Z-Fold-2-p-1975795.html?rmmds=PhonesFlashDeals&cur_warehouse=CN&ID=523602,,0,0.0,High,0.0
Smartphones,,US$43.99,0,https://www.banggood.com/GaNBlitzwolf-BW-FW10-240W-10-in-1-Wireless-Alarm-Clock-Charger-2USB-A+4USB-C-PD3_1-or-3_0-QC4_0-or-3_0-or-2_0-PPS-AFC-SCP-FCP-Fast-Charging-Desktop-Charging-Station-with-Time-Display-and-2-Alarm-Clocks-EU-Plug-for-iPhone-16-for-Samsung-for-iPad-for-Apple-Watch-p-2035207.html?rmmds=PhonesFlashDeals&cur_warehouse=CN&ID=47184,,0,0.0,High,0.0
Smartphones,,US$10.99,0,https://www.banggood.com/ESSAGER-ES-ZJ39-Universal-Car-Phone-Mount-for-Dashboard-Center-Console-360-Degree-Rotation-Strong-Adhesive-Base-One-Hand-Operation-Car-Phone-Holder-p-2043138.html?rmmds=PhonesFlashDeals&cur_warehouse=CN&ID=6287830,,0,0.0,High,0.0
Smartphones,,US$3.77,0,https://www.banggood.com/Toocki-1M-or-2M-or-3M-or-5M-Cable-Organizer-Cable-Management-Wire-Winder-Tape-Cord-Management-Protector-for-iPhone-Samsung-Huawei-p-1989485.html?rmmds=PhonesFlashDeals&cur_warehouse=CN&ID=457636287830,,0,0.0,High,0.0
Smartphones,,US$289.99,0,https://www.banggood.com/Ulefone-Armor-27T-Thermal-Imaging-24GB-256GB-50MP-Dual-Camera-64MP-Night-Vision-6_78-inch-120Hz-10600mAh-33W-Fast-Charge-30W-Wireless-Charge-Android-14-NFC-Helio-G99-IP68-IP69K-Waterproof-4G-Rugged-Smartphone-p-2022760.html?rmmds=PhonesFlashDeals&cur_warehouse=HK&ID=62464446287830,,0,0.0,High,0.0
Smartphones,,US$35.99,0,https://www.banggood.com/BlitzWolf-868H-160W-5-Port-USB-PD-Desktop-Charger-Dual-USB-A-QC3_0+Dual-PD65W-Type-C+65W-Type-C-PD3_0-with-15W-10W-7_5W-5W-Wireless-Fast-Charger-for-iPhone-14-14-Pro-Max-for-Samsung-Galaxy-Z-Fold-4-S22-Ultra-p-1996851.html?rmmds=PhonesFlashDeals&cur_warehouse=CN&ID=0,,0,0.0,High,0.0
Smartphones,,US$159.99,0,https://www.banggood.com/KUULAA-230W-222Wh-60000mAh-Power-Bank-with-Adjustable-LED-Light-External-Battery-Power-Station-with-3-Inputs-and-4-Outputs-Fast-Charging-for-iPhone-16-16-Pro-15-14-13-Pro-Max-for-HUAWEI-Pura-80-Ulta-for-SAMSUNG-for-Tablet-for-Speaker-for-Camera-p-2039598.html?rmmds=PhonesFlashDeals&cur_warehouse=CN&ID=6287836,,0,0.0,High,0.0
Smartphones,,US$14.69,0,https://www.banggood.com/I16-Pro-Mini-2G-GSM-1_77-Inch-Dual-SIM-Card-FM-Big-Butons-Camera-Foldable-Flip-Mobile-Phone-p-2017326.html?rmmds=PhonesFlashDeals&cur_warehouse=CN&ID=6287830,,0,0.0,High,0.0
Smartphones,,US$5.00,0,https://www.banggood.com/Baseus-CW-YMS-100W-USB-C-to-USB-C-PD-Cable-PD3_0-Power-Delivery-QC4_0-Fast-Charging-Data-Transmission-Cord-Line-For-Samsung-Galaxy-Note-20-For-iPad-Pro-2020-MacBook-Air-2020-Mi-10-Huawei-P40-p-1750234.html?rmmds=PhonesFlashDeals&cur_warehouse=CN&ID=45763,,0,0.0,High,0.0
Smartphones,,US$35.99,0,https://www.banggood.com/GaN-Tech-Blitzwolf-BW-i113-105W-6-in-1-Desktop-Charging-Station-with-Wireless-Charger-PD-QC-Fast-Charging-with-LED-Light-EU-Plug-for-iPhone-16-16-Pro-15-14-13-Pro-Max-for-iPad-Pro-for-Macbook-Pro-for-Airpods-p-2033135.html?rmmds=PhonesFlashDeals&cur_warehouse=CN&ID=47184,,0,0.0,High,0.0
Smartphones,,US$4.27,0,https://www.banggood.com/Touch-Screen-Pen-for-Android-Apple-for-Ipad-Tablet-Touch-Screen-Pen-Two-in-One-Capacitive-Pen-Mobile-Phone-Anti-Mistouch-Stylus-p-2015814.html?rmmds=PhonesFlashDeals&cur_warehouse=CN&ID=6287830,,0,0.0,High,0.0
Smartphones,,US$299.99,0,https://www.banggood.com/Ulefone-Armor-25T-Pro-5G-Thermal-Imaging-12GB-256GB-50MP-Dual-Camera-64MP-Night-Vision-Dimensity-6300-6_78-inch-120Hz-6500mAh-33W-Fast-Charge-Wireless-Charge-Android-14-NFC-IP68-IP69K-Waterproof-Rugged-Smartphone-p-2016029.html?rmmds=PhonesFlashDeals&cur_warehouse=HK&ID=6287830,,0,0.0,High,0.0
Smartphones,,US$21.99,0,https://www.banggood.com/BlitzWolf-BW-AT7-1_53-inch-Screen-Built-in-Flashlight-bluetooth-Call-Heart-Rate-Blood-Oxygen-Monitor-Sleep-Monitoring-Breathing-Exercise-Multi-sport-Modes-IP68-Waterproof-Smart-Watch-p-2039724.html?rmmds=PhonesFlashDeals&cur_warehouse=CN&ID=6287830,,0,0.0,High,0.0
Smartphones,,US$21.89,0,https://www.banggood.com/BlitzWolf-BW-BTS8-bluetooth-Earbuds-Bone-Conduction-Earphone-Built-in-32GB-Memory-IPX8-Waterproof-Low-Latency-Game-Sport-Headphones-with-Mic-p-1994895.html?rmmds=PhonesFlashDeals&cur_warehouse=CN&ID=532398,,0,0.0,High,0.0
Smartphones,,US$54.99,0,https://www.banggood.com/World-PremiereZeblaze-Stratos-4-1_43-inch-AMOLED-GPS-5ATMandIP69K-Waterproof-Built-in-Flashlight-CompassandBarometric-Altimeter-60-days-Battery-Life-Voice-Assistant-bluetooth-Call-Heart-Rate-SpO2-Monitor-Sleep-Monitoring-Multi-sport-Modes-Smart-Watch-p-2034894.html?rmmds=PhonesFlashDeals&cur_warehouse=CN&ID=6287830,,0,0.0,High,0.0
Smartphones,,US$30.99,0,https://www.banggood.com/BlitzWolf-BW-WA4-30W-Wireless-Speaker-Portable-bluetooth-Speaker-Double-Drivers-Bass-TWS-Stereo-IPX6-Waterproof-TF-Card-AUX-Outdoors-Speaker-p-1911830.html?rmmds=PhonesFlashDeals&cur_warehouse=CN&ID=6287830,,0,0.0,High,0.0
Smartphones,,US$36.99,0,https://www.banggood.com/World-PremiereZeblaze-Stratos-2-Plus-1_43-inch-AMOLED-GPS-Health-and-Fitness-Barometric-Altimeter-Compass-3-ATM-Waterproof-Smart-Watch-p-2044073.html?rmmds=PhonesFlashDeals&cur_warehouse=CN&ID=6287830,,0,0.0,High,0.0
Smartphones,,US$17.99,0,https://www.banggood.com/BlitzWolf-BW-FYE16-LED-Screen-TWS-Earbuds-bluetooth-Earphone-Colorful-Touch-Screen-Active-Noise-Cancelling-32h-Battery-Life-3D-Spatial-Audio-HD-Calls-IPX5-Waterproof-Portable-Headset-p-2011924.html?rmmds=PhonesFlashDeals&cur_warehouse=CN&ID=532398,,0,0.0,High,0.0
Smartphones,,US$60.99,0,https://www.banggood.com/BlitzWolf-BW-WA3-100W-bluetooth-Speaker-Portable-Speakers-Quad-Drivers-Dual-Diaphragm-Deep-Bass-RGB-Light-TWS-5000mAh-Outdoors-Wireless-Speaker-p-1885497.html?rmmds=PhonesFlashDeals&cur_warehouse=CN&ID=6287830,,0,0.0,High,0.0
Smartphones,,US$26.99,0,https://www.banggood.com/BlitzWolf-BW-HP5-Lite-bluetooth-Headset-ANC-Headphone-Dual-Active-Noise-Canceling-Dual-Drivers-1000mAh-AAC-Stereo-Wireless-Headphone-with-Mic-p-2019698.html?rmmds=PhonesFlashDeals&cur_warehouse=CN&ID=6287830,,0,0.0,High,0.0
Smartphones,,US$42.99,0,https://www.banggood.com/BlitzWolf-BW-Voyager1-1_43-inch-AMOLED-GPS-Double-Straps-Compass-and-Barometer-10ATM-Waterproof-bluetooth-Call-Heart-Rate-Blood-Oxygen-Monitor-Sleep-Monitoring-Menstrual-Cycle-Multi-sports-Outdoor-Smart-Watch-p-2043302.html?rmmds=PhonesFlashDeals&cur_warehouse=CN&ID=6287830,,0,0.0,High,0.0
Smartphones,,US$894.99,0,https://www.banggood.com/Ulefone-Armor-28-Ultra-5G-AI-Thermal-Imaging-AMOLED-Dual-Display-32GB-RAM-1TB-ROM-50MP-Triple-Camera-64MP-Night-Vision-Dimensity-9300+-6_67-inch-120Hz-10600mAh-120W-Fast-Charge-50W-Wireless-Charge-WiFi-7-NFC-IP68-IP69K-Waterproof-Rugged-Smartphone-p-2031448.html?rmmds=PhonesFlashDeals&cur_warehouse=CN&ID=62464446287830,,0,0.0,High,0.0
Smartphones,,US$26.99,0,https://www.banggood.com/GaN-Tech-Blitzwolf-BW-S30-175W-6-Port-USB-PD-Charger-4USB-C+2USB-A-QC-PD-Digital-Display-Fast-Charging-Desktop-Charging-Station-for-iPhone-16-16-Pro-15-14-13-Pro-Max-for-MacBook-Pro-for-Airpods-for-Apple-Watch-p-2029228.html?rmmds=PhonesFlashDeals&cur_warehouse=CN&ID=431016287830,,0,0.0,High,0.0
Smartphones,,US$29.99,0,https://www.banggood.com/ET585-2_04inch-AMOLED-Display-PPG+ECG-Micro-physical-Examination-Function-HRV-Detection-Heart-Rate-Blood-Pressure-Blood-Oxygen-Monitor-Sleep-Monitoring-Blood-Sugar-Blood-Component-BMI-Measurement-Meto-NFC-Music-Playback-Waterproof-Smart-Watch-p-2018697.html?rmmds=PhonesFlashDeals&cur_warehouse=CN&ID=6287842,,0,0.0,High,0.0
Smartphones,,US$27.59,0,https://www.banggood.com/Realme-Buds-T200-TWS-Earbuds-ANC-bluetooth-5_4-Earphone-Hi-Res-Audio-3D-Spatial-Sound-AI-Call-Noise-Reduction-50H-Playback-In-ear-Sports-Headphones-p-2035668.html?rmmds=PhonesFlashDeals&cur_warehouse=CN&ID=6287851,,0,0.0,High,0.0
Smartphones,,US$39.99,0,https://www.banggood.com/BlitzRock-BR-CT3-Open-Ear-Earbuds-bluetooth-V5_4-Earphones-Air-Conduction-Earhook-Enhanced-Bass-4-Mics-Clear-Calls-App-Control-28H-Playtime-Sports-Headphones-p-2014522.html?rmmds=PhonesFlashDeals&cur_warehouse=CN&ID=6287830,,0,0.0,High,0.0
Smartphones,,US$34.99,0,https://www.banggood.com/World-PremiereZeblaze-Vibe-8-1_43-inch-AMOLED-818H-SapphireLens-Built-in-LED-Flashlight-60-Days-Battery-Life-5ATMandIP69K-Waterproof-bluetooth-Call-Heart-Rate-Blood-Pressure-Blood-Oxygen-Monitor-Sleep-Monitoring-Multi-sport-Modes-Smart-Watch-p-2037664.html?rmmds=PhonesFlashDeals&cur_warehouse=CN&ID=6287830,,0,0.0,High,0.0
Smartphones,,US$359.99,0,https://www.banggood.com/Ulefone-Armor-30-Pro-5G-AI-Dual-Display-Loudspeaker-32GB-RAM-512GB-ROM-50MP-Triple-Camera-64MP-Night-Vision-Dimensity-7300X-6_95-inch-120Hz-12800mAh-66W-Fast-Charge-WiFi-6E-NFC-IP68-IP69K-Waterproof-Rugged-Smartphone-p-2031446.html?rmmds=PhonesFlashDeals&cur_warehouse=CN&ID=62464446287830,,0,0.0,High,0.0
Smartphones,,US$49.99,0,https://www.banggood.com/World-PremiereZeblaze-Stratos-2-Ultra-1_43-HD-AMOLED-GPS-10-ATM-Waterproof-Barometric-Altimeter-Compass-60-days-Battery-Life-GPS-Dual-band-GNSS-6-Satellite-Positioning-System-Health-Management-Ultimate-Outdoor-Smart-Watch-p-2020824.html?rmmds=PhonesFlashDeals&cur_warehouse=CN&ID=6287853,,0,0.0,High,0.0
Smartphones,,US$27.99,0,https://www.banggood.com/Original-Tactical-Phone-Pouch-Bag-Magic-Adjustment-With-Functional-Carabiner-For-Armor-X31-series-For-Armor-30-Pro-Armor-28-series-For-Armor-27-series-p-2033050.html?rmmds=PhonesFlashDeals&cur_warehouse=CN&ID=6287836,,0,0.0,High,0.0
Smartphones,,US$9.99,0,https://www.banggood.com/World-PremiereNew-Zeblaze-GTS-3-Pro-Ultra-big-HD-415+505pixels-AMOLED-Screen-HiFi-Bluetooth-Phone-Calls-Health-and-Fitness-Tracking-Smart-Watch-p-1999844.html?rmmds=PhonesFlashDeals&cur_warehouse=CN&ID=6325233,,0,0.0,High,0.0
Smartphones,,US$409.99,0,https://www.banggood.com/DOOGEE-S200-Max-5G-1_3-inch-Rear-Display-36GB-512GB-Dual-Flashlights-108MP-Triple-Camera-Night-Vision-Dimensity-7050-6_72-inch-120Hz-22000mAh-66W-Fast-Charge-Android-15-NFC-IP68-IP69K-Waterproof-Rugged-Smartphone-p-2040717.html?rmmds=PhonesFlashDeals&cur_warehouse=CN&ID=6292640,,0,0.0,High,0.0
Smartphones,,US$63.99,0,https://www.banggood.com/HAYLOU-S40-ANC-Wireless-Headphone-bluetoth-V6_0-Headset-50dB-Noise-Canceling-LDAC-Hi-Res-3D-Spatial-Audio-Dual-Drivers-Over-Ear-Headphones-with-Mic-p-2039011.html?rmmds=PhonesFlashDeals&cur_warehouse=CN&ID=6287832,,0,0.0,High,0.0
Smartphones,,US$22.09,0,https://www.banggood.com/GaN-Tech-Blitzwolf-BW-i100-120W-5-Port-USB-PD-Charger-2USB-A+3USB-C-PD3_0-QC3_0-AFC-FCP-SCP-PPS-PE-APPLE-Fast-Charging-Desktop-Charging-Station-EU-Plug-for-iPhone-15-14-13-for-Samsung-Galaxy-Z-Flip4-for-MacBook-Pro-for-Airpods-for-Apple-Watch-p-2003461.html?rmmds=PhonesFlashDeals&cur_warehouse=CN&ID=62878306316013,,0,0.0,High,0.0
Smartphones,,US$21.99,0,https://www.banggood.com/World-PremiereZeblaze-GTS4-1_94-inch-AMOLED-Ultra-Slim-bluetooth-Call-Heart-Rate-Blood-Oxygen-Monitor-Sleep-Monitoring-Breathing-Exercise-Multi-sport-Modes-IP68-Waterproof-Smart-Watch-p-2043081.html?rmmds=PhonesFlashDeals&cur_warehouse=CN&ID=6287830,,0,0.0,High,0.0
Smartphones,,US$553.99,0,https://www.banggood.com/Ulefone-Armor-34-Pro-5G-AI-Built-in-Projector-25500mAh-32GB-RAM-512GB-ROM-50MP-Triple-Camera-64MP-Night-Vision-6_95-inch-120Hz-Versatile-LED-Light-Warning-Light-66W-Fast-Charge-Android-15-Dimensity-7300-NFC-IP68-IP69K-Waterproof-Rugged-Smartphone-p-2035443.html?rmmds=PhonesFlashDeals&cur_warehouse=CN&ID=62464446287830,,0,0.0,High,0.0
Smartphones,,,0,https://www.banggood.com/2024-World-PremiereNew-Zeblaze-Btalk-3-Plus-1_39-inch-Large-HD-Color-Display-Fitness-Tracking-HiFi-bluetooth-Phone-Calls-Health-and-Fitness-Tracking-Smart-Watch-p-2013717.html?rmmds=PhonesFlashDeals,,0,0.0,High,0.0
Smartphones,,,0,https://www.banggood.com/World-PremiereZeblaze-Lily-2-1_2inch-AMOLED-Double-Straps-bluetooth-Call-Heart-Rate-Blood-Pressure-Blood-Oxygen-Monitor-Sleep-Monitoring-Breathe-Training-Womens-Health-Multi-sport-Modes-IP68-Waterproof-Smart-Watch-p-2027349.html?rmmds=PhonesFlashDeals,,0,0.0,High,0.0
Smartphones,,,0,https://www.banggood.com/Flagship-2024Zeblaze-Thor-Ultra-4G-1_43-inch-AMOLED-466+466-pixels-HD-Display-Smart-Watch-16GB-Android-OS-Google-Play-Stainless-Steel-Wristband-Version-p-2012218.html?rmmds=PhonesFlashDeals,,0,0.0,High,0.0
Smartphones,,,0,https://www.banggood.com/DOOGEE-V-Max-Pro-5G-32GB-512GB-108MP-Camera-Night-Vision-22000mAh-6_58-inch-120Hz-Dimensity-7050-Android-14-NFC-33W-Fast-Charge-IP68-IP69K-Waterproof-Rugged-Smartphone-p-2035058.html?rmmds=PhonesFlashDeals,,0,0.0,High,0.0
Smartphones,,,0,https://www.banggood.com/DOOGEE-Fire-6-Max-5G-Thermal-Imaging-20GB-256GB-50MP-AI-Triple-Camera-6_72-inch-120Hz-20800mAh-33W-Fast-Charge-Android-14-NFC-Dimensity-7050-Octa-Core-IP68-IP69K-Waterproof-Rugged-Smartphone-p-2036313.html?rmmds=PhonesFlashDeals,,0,0.0,High,0.0
Smartphones,,,0,https://www.banggood.com/DOOGEE-V40-Pro-5G-1_47-inch-Rear-Display-36GB-512GB-200MP-Quad-Camera-Night-Vision-Dimensity-7300-6_78-inch-120Hz-8680mAh-33W-Fast-Charge-WiFi-6-NFC-IP68-IP69K-Waterproof-Octa-Core-Rugged-Smartphone-p-2035055.html?rmmds=PhonesFlashDeals,,0,0.0,High,0.0
Smartphones,,,0,https://www.banggood.com/Realme-Buds-Air-7-Pro-TWS-bluetooth-5_4-Earbuds-Wireless-ANC-Earphone-Hi-Res-LHDC5_0-Audio-53dB-Noise-Cancelling-6-Mic-AI-Call-Noise-Reduction-3D-Surround-Sound-48H-Playback-Low-Delay-AI-Simultaneous-Interpretation-In-ear-Sports-Headphones-p-2033719.html?rmmds=PhonesFlashDeals,,0,0.0,High,0.0
Smartphones,,,0,https://www.banggood.com/Realme-Buds-Air7-ANC-Earbuds-Wireless-bluetooth-5_4-Earphone-52dB-Depth-Noise-Cancelling-AI-Call-Noise-Reduction-LHDC-Hi-Res-12_4mm-Deep-Bass-Driver-3D-Surround-Sound-45ms-Low-Delay-52H-Playback-Sports-Headphones-p-2029761.html?rmmds=PhonesFlashDeals,,0,0.0,High,0.0
Smartphones,,,0,https://www.banggood.com/Realme-Buds-T310-bluetooth-Headset-Wireless-ANC-Earphone-46dB-Depth-Noise-Cancelling-AI-Call-Noise-Reduction-3D-Surround-Sound-40H-Battery-Life-Low-Game-Delay-In-ear-Sports-Headphones-p-2021681.html?rmmds=PhonesFlashDeals,,0,0.0,High,0.0
Smartphones,,,0,https://www.banggood.com/OnePlus-Buds-Ace2-TWS-bluetooth-5_4-Headset-Wireless-ANC-Earphone-12_4mm-Large-Moving-Coil-Deep-Bass-Dual-Mic-AI-Call-Noise-Cancelling-43H-Playback-IP55-Waterproof-Low-Game-Delay-In-ear-Sports-Headphones-p-2028410.html?rmmds=PhonesFlashDeals,,0,0.0,High,0.0
Smartphones,,,0,https://www.banggood.com/Oneplus-Buds-3V-TWS-Earbuds-bluetooth-5_4-Earphone-12_4mm-Large-Moving-Coil-3D-Spatial-Sound-Dual-Mic-AI-Call-Noise-Cancelling-54H-Playback-47ms-Low-Delay-AI-Translation-Sports-Headphones-p-2042783.html?rmmds=PhonesFlashDeals,,0,0.0,High,0.0
Smartphones,,,0,https://www.banggood.com/OnePlus-Buds-3-TWS-Wireless-Earphone-bluetooth-Earbuds-LHDC-49dB-Active-Noise-Canceling-44h-Battery-Life-Headphones-with-Mic-p-2007584.html?rmmds=PhonesFlashDeals,,0,0.0,High,0.0
Home & Garden,,US$119.99,0,https://www.banggood.com/Douxlife-GC-RC05-Fabric-Gaming-Chair-Massage-with-Pocket-Spring-Widened-Cushion-High-Back-Ergonomic-Footrest-Lumbar-Support-Upgraded-Office-Chair-p-2028692.html?rmmds=FurnitureFlashDeals&cur_warehouse=USA&ID=6297292,,0,0.0,High,0.0
Home & Garden,,US$24.99,0,https://www.banggood.com/9-Inch-Large-Digital-Wall-Clock-Temperature-Date-Week-Timing-Countdown-Light-sensing-Table-Clock-2-Alarm-12-or-24H-LED-Alarm-Clock-p-2005591.html?rmmds=FurnitureFlashDeals&cur_warehouse=CN&ID=6287844,,0,0.0,High,0.0
Home & Garden,,US$45.99,0,https://www.banggood.com/Elfeland-Multifunctional-Starry-Sky-Projector-Lamp-with-13-Star-Films-Bluetooth-Speaker-Night-Light-White-Noise-Sleep-Aid-Sounds-Time-Display-Alarm-Remote-Control-p-2028444.html?rmmds=FurnitureFlashDeals&cur_warehouse=CN&ID=6287845,,0,0.0,High,0.0
Home & Garden,,US$14.99,0,https://www.banggood.com/LED-Display-Household-Water-Shower-Thermometer-5-85--Flow-Self-Powered-Water-Thermometer-Monitoring-Baby-Care-Energy-Smart-Meter-p-2024785.html?rmmds=FurnitureFlashDeals&cur_warehouse=CN&ID=6301533,,0,0.0,High,0.0
Home & Garden,,US$31.99,0,https://www.banggood.com/Upgrade-Version-Wheel-Five-Sided-Magnetic-Knife-Sharpener-Roller-Knife-Sharpener-Five-Sided-Magnetic-Knife-Sharpener-Whetstone-p-2017980.html?rmmds=FurnitureFlashDeals&cur_warehouse=CN&ID=0,,0,0.0,High,0.0
Home & Garden,,US$25.99,0,https://www.banggood.com/BlitzWill-BW-SL1-DIY-Splicing-Light-Bars-RGBIC-LED-Tuya-WiFi-Smart-Control-Music-Sync-Works-With-Alexa-and-Google-Assistant-for-Game-Room-or-Bedroom-Decor-p-2025949.html?rmmds=FurnitureFlashDeals&cur_warehouse=CN&ID=6321222,,0,0.0,High,0.0
Home & Garden,,US$27.99,0,https://www.banggood.com/E27-50W-220V-Ceiling-Fan-Bulb-With-LED-Light-And-Remote-Control-Chandelier-RGB-Color-Dimmable-Ventillator-Lamp-For-Home-Lighting-p-2012315.html?rmmds=FurnitureFlashDeals&cur_warehouse=CN&ID=0,,0,0.0,High,0.0
Home & Garden,,US$20.99,0,https://www.banggood.com/AGSIVO-Large-Cordless-Rechargeable-Electric-Mosquito-Bug-Zapper-Mosquito-Killing-Lamp-Fly-Trap-with-1200mAh-Rechargeable-Battery-For-Indoors-Outdoors-Business-p-1992611.html?rmmds=FurnitureFlashDeals&cur_warehouse=CN&ID=6287832,,0,0.0,High,0.0
Home & Garden,,US$45.99,0,https://www.banggood.com/AGSIVO-16L-Smart-Induction-Touchless-Trash-Can-Waste-Bin-With-Motion-Sensor-and-Rechargeable-Battery-For-Kitchen-Bedroom-Bathroom-Office-p-1995658.html?rmmds=FurnitureFlashDeals&cur_warehouse=CN&ID=6287845,,0,0.0,High,0.0
Home & Garden,,US$315.99,0,"https://www.banggood.com/NEWTRAL-MagicH-BPro-Ergonomic-Chair-with-Footrest,Auto-Following-Backrest-Headrest,Adaptive-Lower-Back-Support,Adjustable-Armrest,4-Positions-to-Lock-p-2004283.html?rmmds=FurnitureFlashDeals&cur_warehouse=USA&ID=6287830",,0,0.0,High,0.0
Home & Garden,,US$18.99,0,https://www.banggood.com/LED-Mirror-Alarm-Clock-Big-Screen-Temperature-and-Humidity-Display-with-Radio-and-Time-Projection-Function-Electronic-Clock-Rechargeable-p-1751898.html?rmmds=FurnitureFlashDeals&cur_warehouse=CN&ID=46865,,0,0.0,High,0.0
Home & Garden,,US$8.49,0,https://www.banggood.com/Elfeland-Motion-Sensor-Cabinet-Light-Rechargeable-Night-Light-for-Closets-Cabinets-Kitchens-Cupboards-p-1977697.html?rmmds=FurnitureFlashDeals&cur_warehouse=CN&ID=341962878536297159,,0,0.0,High,0.0
Home & Garden,,US$22.99,0,https://www.banggood.com/High-Pressure-Booster-Toilet-Spray-Gun-Faucet-Copper-Dual-Control-Valve-Handheld-Bidet-Sprayer-Toilet-Cleaning-Hygienic-Shower-for-Bathroom-Accessories-p-2004597.html?rmmds=FurnitureFlashDeals&cur_warehouse=CN&ID=0,,0,0.0,High,0.0
Home & Garden,,US$14.99,0,https://www.banggood.com/Automatic-Electric-Wine-Openers-USB-Rechargeable-Bottle-Openers-Corkscrew-Wine-Cap-Opener-p-2017694.html?rmmds=FurnitureFlashDeals&cur_warehouse=CN&ID=514943,,0,0.0,High,0.0
Home & Garden,,US$37.49,0,https://www.banggood.com/BlitzWill-BW-PLT2-Smart-Star-Projector-with-Star-and-Colorful-LED-Nebula-6-Theme-Film-Slides-bluetooth-Speaker-White-Noise-Alarm-APPand-Voice-Control-p-2040339.html?rmmds=FurnitureFlashDeals&cur_warehouse=CN&ID=6287845,,0,0.0,High,0.0
Home & Garden,,US$39.99,0,https://www.banggood.com/XIAOMI-MIJIA-D20-Smart-Ceiling-Light-900LM-17W-Ceiling-Lamp-AC100~240V-Suitable-For-Corridors-Balconies-Entrances-p-2028895.html?rmmds=FurnitureFlashDeals&cur_warehouse=CN&ID=6287845,,0,0.0,High,0.0
Home & Garden,,US$33.99,0,https://www.banggood.com/15L-Automatic-Trash-Can-with-Smart-Sensor-Easy-Fast-Packing-Non-contact-Trash-Can-with-Lid-Waterproof-Sensor-Trash-Can-for-Kitchen-Bathroom-Office-p-2033056.html?rmmds=FurnitureFlashDeals&cur_warehouse=CN&ID=6287845,,0,0.0,High,0.0
Home & Garden,,US$235.99,0,https://www.banggood.com/NEWTRAL-MAGICH003-High-Back-Ergonomic-Chair-Auto-Following-Backrest-Adjustable-Headrest-Seat-Depth-Adaptive-Lower-Back-Support-100-300-lbs-Height-Capacity-p-2032940.html?rmmds=FurnitureFlashDeals&cur_warehouse=USA&ID=6287830,,0,0.0,High,0.0
Home & Garden,,US$21.99,0,https://www.banggood.com/AGSIVO-13-Inch-Digital-Wall-Clock-Large-LED-Display-with-Remote-Control-or-Automatic-Brightness-or-Indoor-Temperature-or-Date-or-Week-or-12-or-24H-For-Home-Office-Classroom-p-1998530.html?rmmds=FurnitureFlashDeals&cur_warehouse=CN&ID=226,,0,0.0,High,0.0
Home & Garden,,US$15.49,0,https://www.banggood.com/LIXINCORDA-Astronaut-Starry-Sky-Projection-Lamp-Starry-Sky-Atmosphere-Night-Light-Astronaut-Nebula-Projector-Lamp-p-2027886.html?rmmds=FurnitureFlashDeals&cur_warehouse=CN&ID=515244,,0,0.0,High,0.0
Home & Garden,,US$43.99,0,https://www.banggood.com/AGSIVO-3000W-220V-Instant-Electric-Water-Heater-Faucet-Tap-Tankless-LED-Digital-Display-EU-Plug-for-Kitchen-Bathroom-p-1995245.html?rmmds=FurnitureFlashDeals&cur_warehouse=CN&ID=512748,,0,0.0,High,0.0
Home & Garden,,US$29.99,0,https://www.banggood.com/4-or-6-Pack-TUYA-WIFI-Smart-Wall-Lamp-RGB-Music-Sync-LED-Modern-Decor-Downlight-Simple-Wall-Light-Work-With-Alexa-Google-Assistant-p-2015248.html?rmmds=FurnitureFlashDeals&cur_warehouse=CN&ID=514326566378,,0,0.0,High,0.0
Home & Garden,,US$393.99,0,https://www.banggood.com/NEWTRAL-NT002-Ergonomic-Office-Chair-PRO-VERSION-with-Footrest-High-Back-Desk-Chair-with-Unique-Adjustable-Lumbar-Support-Backrest-Seat-Depth-Adjustment-Tilt-Function-4D-Armrest-Recliner-Chair-for-Home-Office-p-1969362.html?rmmds=FurnitureFlashDeals&cur_warehouse=USA&ID=6334197,,0,0.0,High,0.0
Home & Garden,,US$22.99,0,https://www.banggood.com/LED-Digital-Ambient-Light-Wall-Clock-Remote-Control-Electronic-Mute-Clock-with-Temperature-Humitimy-Date-Week-Display-Timing-Function-Clock-p-2005988.html?rmmds=FurnitureFlashDeals&cur_warehouse=CN&ID=6287832,,0,0.0,High,0.0
Home & Garden,,US$89.99,0,https://www.banggood.com/BlitzWill-BW-CLT2-LED-Smart-Ceiling-Light-40cm-with-Main-Light-and-RGB-Atmosphere-Light-2700-6500K-Adjustable-Temperature-APP-Voice-Remote-Control-and-DIY-Scene-Mode-p-1973815.html?rmmds=FurnitureFlashDeals&cur_warehouse=CN&ID=0,,0,0.0,High,0.0
Home & Garden,,US$9.99,0,https://www.banggood.com/Modern-Melody-Music-Note-Key-Holder-Storage-Box-Rack-Wall-Mounted-Key-Holder-Guitar-Keyring-Hook-Holder-with-4-Guitar-Plugs-p-2033875.html?rmmds=FurnitureFlashDeals&cur_warehouse=CN&ID=6287830,,0,0.0,High,0.0
Home & Garden,,US$109.99,0,https://www.banggood.com/BlitzWill-BWL-FL4-25W-Smart-RGB-Floor-Lamp-With-Up-and-Down-Ambient-Light-2000LM-16M-Colors-Stepless-Dimming-APP-and-Voice-Control-p-2034777.html?rmmds=FurnitureFlashDeals&cur_warehouse=CN&ID=47184,,0,0.0,High,0.0
Home & Garden,,US$45.99,0,https://www.banggood.com/Vintage-Flip-Clock-12-Hour-Automatic-Flip-Clock-Retro-Stainless-Steel-Desk-Clock-Large-Time-Display-Clock-for-Living-Room-Bedroom-Household-p-2020316.html?rmmds=FurnitureFlashDeals&cur_warehouse=CN&ID=6288118,,0,0.0,High,0.0
Home & Garden,,US$14.99,0,https://www.banggood.com/Elfeland-LED-Astronaut-Starry-Sky-Light-Projection-Night-Lamp-8-Dynamic-Lighting-Modes-Water-Ripple-Atmosphere-Lamp-Astronaut-Projection-Lamp-p-2034052.html?rmmds=FurnitureFlashDeals&cur_warehouse=CN&ID=6287845,,0,0.0,High,0.0
Home & Garden,,US$19.99,0,https://www.banggood.com/4-Adjustable-Drip-Arrow-Intelligent-Automatic-Watering-Machine-Watering-Device-Timing-Artifact-Potted-Garden-Plant-Spray-Drip-Irrigation-p-2029162.html?rmmds=FurnitureFlashDeals&cur_warehouse=CN&ID=6292509,,0,0.0,High,0.0
Home & Garden,,US$13.99,0,https://www.banggood.com/6-in-1-Digital-Soil-Tester-PH-Meter-Fertility-Soil-Moisture-Sunlight-Ambient-Humidity-Temperature-Monitor-Detector-Garden-Soil-Analyzer-p-2027889.html?rmmds=FurnitureFlashDeals&cur_warehouse=CN&ID=6287830,,0,0.0,High,0.0
Home & Garden,,US$93.99,0,https://www.banggood.com/Magnetic-Levitation-Globe-LED-Moon-Floating-Romantic-Lamp-Suspended-3D-Moon-Lamp-Rotating-Globe-Bedside-Lamp-p-2028727.html?rmmds=FurnitureFlashDeals&cur_warehouse=CN&ID=471846309146,,0,0.0,High,0.0
Home & Garden,,US$14.99,0,https://www.banggood.com/AGSIVO-4-Inch-Loud-Alarm-Clock-Twin-Bell-Analog-for-Heavy-Sleepers-Silent-Non-Ticking-Quartz-with-Backlight-p-2000038.html?rmmds=FurnitureFlashDeals&cur_warehouse=CN&ID=6287853,,0,0.0,High,0.0
Home & Garden,,US$24.99,0,https://www.banggood.com/4000K-Full-Spectrum-LED-Ceiling-Lamp-Modern-Simple-Bedroom-Lamp-Thin-Thickness-for-Living-Room-Bedroom-Kitchen-p-2032115.html?rmmds=FurnitureFlashDeals&cur_warehouse=CN&ID=6289598,,0,0.0,High,0.0
Home & Garden,,US$9.99,0,https://www.banggood.com/LIXINCORDA-5m~20m-Smart-RGBIC-LED-String-Lights-Music-Sync-IP68-Waterproof-APP-or-Remote-or-Voice-Control-With-Alexa-or-Google-Christmas-Decoration-p-2023681.html?rmmds=FurnitureFlashDeals&cur_warehouse=CN&ID=44707,,0,0.0,High,0.0
Home & Garden,,US$18.99,0,https://www.banggood.com/Yeelight-RGB-Magnetic-Sensor-Night-Light-Dual-Sensor-30-LED-Soft-Glow-750mAh-Type-C-Rechargeable-Magnetic-Night-Lamp-p-2037102.html?rmmds=FurnitureFlashDeals&cur_warehouse=CN&ID=6309312,,0,0.0,High,0.0
Home & Garden,,US$32.99,0,https://www.banggood.com/30cm-24W-Full-Spectrum-Smart-LED-Ceiling-Lamp-3-Color-Temperatures-Modern-Simple-for-5~10-Bedroom-Living-Room-Balcony-Corridor-p-2031615.html?rmmds=FurnitureFlashDeals&cur_warehouse=CN&ID=6287845,,0,0.0,High,0.0
Home & Garden,,US$44.99,0,https://www.banggood.com/304-Stainless-Steel-Kitchen-Faucet-Pull-Out-Rotation-Waterfall-Stream-Sprayer-Brushed-Nickel-High-Efficiency-Cleaning-Elegant-Design-Sink-Mixer-Tap-Accessory-p-2013686.html?rmmds=FurnitureFlashDeals&cur_warehouse=CN&ID=6287853,,0,0.0,High,0.0
Home & Garden,,US$23.99,0,https://www.banggood.com/10-Ribs-Fully-Automatic-Handle-Umbrella-106cm-Detachable-Handle-Reverse-Opening-UV-Umbrella-with-Windproof-Reflective-Stripe-Reverse-Fold-Umbrella-Carabiner-Travel-p-2015794.html?rmmds=FurnitureFlashDeals&cur_warehouse=CN&ID=6287848,,0,0.0,High,0.0
Home & Garden,,US$31.99,0,https://www.banggood.com/UFO-CLOCK-Creative-Weather-Clock-LED-Display-Multi-function-UFO-CLOCK-Creative-Weather-Stock-Exchange-Rate-Clock-p-2027131.html?rmmds=FurnitureFlashDeals&cur_warehouse=CN&ID=6323376,,0,0.0,High,0.0
Home & Garden,,US$29.99,0,https://www.banggood.com/4000mAh-Air-Circulation-Silent-Fan-Portable-Air-Circulator-Fan-3-Speed-Adjustment-Battery-Operated-Fan-Personal-Table-Fan-for-Home-Office-Bedroom-p-2016790.html?rmmds=FurnitureFlashDeals&cur_warehouse=CN&ID=6287836,,0,0.0,High,0.0
Home & Garden,,US$12.99,0,https://www.banggood.com/Honana-WX-T32-Portable-Hand-Held-Mini-Sewing-Machine-Clothes-Fabric-Pocket-For-DIY-Needlework-p-1178022.html?rmmds=FurnitureFlashDeals&cur_warehouse=CN&ID=0,,0,0.0,High,0.0
Home & Garden,,US$14.99,0,https://www.banggood.com/Mouse-Repeller-Solar-Powered-Courtyard-Balcony-Household-Ultrasonic-Animal-Repeller-Bird-Repeller-Household-Ultrasonic-Animal-Repeller-p-2023579.html?rmmds=FurnitureFlashDeals&cur_warehouse=CN&ID=6287563,,0,0.0,High,0.0
Home & Garden,,US$19.99,0,https://www.banggood.com/Handheld-Bidet-Sprayer-Set-304-Stainless-Steel-Sprayer-Shower-Toilet-Bidet-Faucet-Nozzle-Self-Cleaning-p-2032473.html?rmmds=FurnitureFlashDeals&cur_warehouse=CN&ID=6287853,,0,0.0,High,0.0
Home & Garden,,US$9.99,0,https://www.banggood.com/Digital-Alarm-Clock-12-or-24H-Electronic-Alarm-Clock-Voice-activated-Backlight-Temperature-Humidity-Nightlight-Table-Clocks-with-Snooze-Function-p-2005989.html?rmmds=FurnitureFlashDeals&cur_warehouse=CN&ID=6287830,,0,0.0,High,0.0
Home & Garden,,US$25.99,0,https://www.banggood.com/Extra-Large-125cm-Automatic-Umbrella-10-Ribs-Water-Resistant-50+-UV-Protection-With-Carabiner-Handle-Anti-slip-Handle-Protective-Sleeve-Fold-Umbrella-p-2015522.html?rmmds=FurnitureFlashDeals&cur_warehouse=CN&ID=6287832,,0,0.0,High,0.0
Home & Garden,,US$11.99,0,https://www.banggood.com/16_4ft-or-32_8ft-or-65_6ft-iDeal-LED-Colorful-USB-LED-Decorative-String-Lights-with-App-Control-Bluetooth-Remote-IP66-Waterproof-for-Holiday-Room-Decoration-p-2022894.html?rmmds=FurnitureFlashDeals&cur_warehouse=CN&ID=6329678,,0,0.0,High,0.0
Home & Garden,,US$13.19,0,https://www.banggood.com/Xiaomi-Mijia-Night-Light-3-With-Motion-Sensor-and-Light-Sensor-600mah-Rechargeable-Adjustable-Brightness-Night-Lamp-p-2020517.html?rmmds=FurnitureFlashDeals&cur_warehouse=CN&ID=6291855,,0,0.0,High,0.0
Home & Garden,,,0,https://www.banggood.com/BlitzWill-BW-PLT1-Smart-Star-Projector-Upgraded-Version-with-Star-+-Colorful-LED-Nebula-Sync-With-Music-Smart-APP-Control-Timing-and-Countdown-Voice-Control-with-Alexa-p-2041579.html?rmmds=FurnitureFlashDeals,,0,0.0,High,0.0
Home & Garden,,,0,https://www.banggood.com/BlitzWill-BW-SS1-Smart-Outdoor-Eaves-Light-14_5m-LED-String-Music-Sync-Works-With-Alexa-and-Google-Assistant-Waterproof-for-Halloween-and-Christmas-Decorations-p-2025948.html?rmmds=FurnitureFlashDeals,,0,0.0,High,0.0
Home & Garden,,,0,https://www.banggood.com/19-inch-LED-Ceiling-Fan-Light-Flush-Mount-Ceiling-Fan-Lamp-Chandelier-Remote-Control-p-1916000.html?rmmds=FurnitureFlashDeals,,0,0.0,High,0.0
Home & Garden,,,0,https://www.banggood.com/NEWTRAL-LAPD-Detachable-Workstation-Desktop-for-MagicH-BP-or-MagicH-BPro-Ergonomic-Chair-p-2004282.html?rmmds=FurnitureFlashDeals,,0,0.0,High,0.0
Home & Garden,,,0,"https://www.banggood.com/Newtral-MagicH-BP-Ergonomic-Chair-with-Footrest-Home-Office-Desk-Chair-with-Auto-Following-Lumbar-Support,4D-Armrest,Seat-Depth-and-Height-Adjustable,96-136-Reclines-p-2004284.html?rmmds=FurnitureFlashDeals",,0,0.0,High,0.0
Home & Garden,,,0,https://www.banggood.com/NEWTRAL-NT002-Ergonomic-Office-Chair-with-Footrest-High-Back-Desk-Chair-with-Unique-Adjustable-Lumbar-Support-Backrest-Seat-Depth-Adjustment-Tilt-Function-4D-Armrest-Recliner-Chair-for-Home-Office-p-2026064.html?rmmds=FurnitureFlashDeals,,0,0.0,High,0.0
Home & Garden,,,0,https://www.banggood.com/Xiaomi-Mijia-T100-Sonic-Electric-Toothbrush-Rechargeable-IPX7-Waterproof-16500-rpm-High-Frequency-Vibration-30-Days-Endurance-Lightweight-Travel-Ready-Blue-White-Pink-p-2015205.html?rmmds=FurnitureFlashDeals,,0,0.0,High,0.0
Home & Garden,,,0,https://www.banggood.com/Xiaomi-Mijia-T700-Sonic-Electric-Toothbrush-with-Smart-LED-Screen-Wireless-Fast-Charging-High-Quality-DuPont-Bristles-IPX7-Waterproof-App-Support-for-Modern-Oral-Care-Experience-p-2015203.html?rmmds=FurnitureFlashDeals,,0,0.0,High,0.0
Home & Garden,,,0,https://www.banggood.com/Xiaomi-Mijia-Smart-LED-Corridor-Night-Light-Sensor-Induction-Night-Lamp-Automatic-Lighting-For-Home-Corridor-Bedroom-p-2020293.html?rmmds=FurnitureFlashDeals,,0,0.0,High,0.0
Home & Garden,,,0,https://www.banggood.com/Kemei-Classic-Rechargeable-Electric-Shaver-for-Men-Versatile-Grooming-Tool-with-Twin-Blade-Safety-Features-Compact-Design-Ideal-for-Face-Body-Bikini-Underarm-Use-p-2014191.html?rmmds=FurnitureFlashDeals,,0,0.0,High,0.0
Home & Garden,,,0,https://www.banggood.com/Kemei-Model-KM-2026-or-KM-2027-Electric-Shaver-Rechargeable-Beard-and-Hair-Trimmer-with-Two-Floating-Razor-Heads-120-Minutes-Usage-Time-Simple-Cleaning-and-Maintenance-Black-or-Green-p-2015208.html?rmmds=FurnitureFlashDeals,,0,0.0,High,0.0
Home & Garden,,,0,https://www.banggood.com/Kemei-4-in-1-Nose-Ear-Hair-Trimmer-with-High-Quality-Stainless-Steel-Blades-Washable-and-Replaceable-Trimming-Head-Compact-Portable-Design-60-minutes-Working-Time-with-Charging-Indicator-p-2015207.html?rmmds=FurnitureFlashDeals,,0,0.0,High,0.0
Home & Garden,,US$119.99,0,https://www.banggood.com/Douxlife-GC-RC05-Fabric-Gaming-Chair-Massage-with-Pocket-Spring-Widened-Cushion-High-Back-Ergonomic-Footrest-Lumbar-Support-Upgraded-Office-Chair-p-2028692.html?rmmds=FurnitureFlashDeals&cur_warehouse=USA&ID=6297292,,0,0.0,High,0.0
Home & Garden,,US$24.99,0,https://www.banggood.com/9-Inch-Large-Digital-Wall-Clock-Temperature-Date-Week-Timing-Countdown-Light-sensing-Table-Clock-2-Alarm-12-or-24H-LED-Alarm-Clock-p-2005591.html?rmmds=FurnitureFlashDeals&cur_warehouse=CN&ID=6287844,,0,0.0,High,0.0
Home & Garden,,US$45.99,0,https://www.banggood.com/Elfeland-Multifunctional-Starry-Sky-Projector-Lamp-with-13-Star-Films-Bluetooth-Speaker-Night-Light-White-Noise-Sleep-Aid-Sounds-Time-Display-Alarm-Remote-Control-p-2028444.html?rmmds=FurnitureFlashDeals&cur_warehouse=CN&ID=6287845,,0,0.0,High,0.0
Home & Garden,,US$14.99,0,https://www.banggood.com/LED-Display-Household-Water-Shower-Thermometer-5-85--Flow-Self-Powered-Water-Thermometer-Monitoring-Baby-Care-Energy-Smart-Meter-p-2024785.html?rmmds=FurnitureFlashDeals&cur_warehouse=CN&ID=6301533,,0,0.0,High,0.0
Home & Garden,,US$31.99,0,https://www.banggood.com/Upgrade-Version-Wheel-Five-Sided-Magnetic-Knife-Sharpener-Roller-Knife-Sharpener-Five-Sided-Magnetic-Knife-Sharpener-Whetstone-p-2017980.html?rmmds=FurnitureFlashDeals&cur_warehouse=CN&ID=0,,0,0.0,High,0.0
Home & Garden,,US$25.99,0,https://www.banggood.com/BlitzWill-BW-SL1-DIY-Splicing-Light-Bars-RGBIC-LED-Tuya-WiFi-Smart-Control-Music-Sync-Works-With-Alexa-and-Google-Assistant-for-Game-Room-or-Bedroom-Decor-p-2025949.html?rmmds=FurnitureFlashDeals&cur_warehouse=CN&ID=6321222,,0,0.0,High,0.0
Home & Garden,,US$27.99,0,https://www.banggood.com/E27-50W-220V-Ceiling-Fan-Bulb-With-LED-Light-And-Remote-Control-Chandelier-RGB-Color-Dimmable-Ventillator-Lamp-For-Home-Lighting-p-2012315.html?rmmds=FurnitureFlashDeals&cur_warehouse=CN&ID=0,,0,0.0,High,0.0
Home & Garden,,US$20.99,0,https://www.banggood.com/AGSIVO-Large-Cordless-Rechargeable-Electric-Mosquito-Bug-Zapper-Mosquito-Killing-Lamp-Fly-Trap-with-1200mAh-Rechargeable-Battery-For-Indoors-Outdoors-Business-p-1992611.html?rmmds=FurnitureFlashDeals&cur_warehouse=CN&ID=6287832,,0,0.0,High,0.0
Home & Garden,,US$45.99,0,https://www.banggood.com/AGSIVO-16L-Smart-Induction-Touchless-Trash-Can-Waste-Bin-With-Motion-Sensor-and-Rechargeable-Battery-For-Kitchen-Bedroom-Bathroom-Office-p-1995658.html?rmmds=FurnitureFlashDeals&cur_warehouse=CN&ID=6287845,,0,0.0,High,0.0
Home & Garden,,US$315.99,0,"https://www.banggood.com/NEWTRAL-MagicH-BPro-Ergonomic-Chair-with-Footrest,Auto-Following-Backrest-Headrest,Adaptive-Lower-Back-Support,Adjustable-Armrest,4-Positions-to-Lock-p-2004283.html?rmmds=FurnitureFlashDeals&cur_warehouse=USA&ID=6287830",,0,0.0,High,0.0
Home & Garden,,US$18.99,0,https://www.banggood.com/LED-Mirror-Alarm-Clock-Big-Screen-Temperature-and-Humidity-Display-with-Radio-and-Time-Projection-Function-Electronic-Clock-Rechargeable-p-1751898.html?rmmds=FurnitureFlashDeals&cur_warehouse=CN&ID=46865,,0,0.0,High,0.0
Home & Garden,,US$8.49,0,https://www.banggood.com/Elfeland-Motion-Sensor-Cabinet-Light-Rechargeable-Night-Light-for-Closets-Cabinets-Kitchens-Cupboards-p-1977697.html?rmmds=FurnitureFlashDeals&cur_warehouse=CN&ID=341962878536297159,,0,0.0,High,0.0
Home & Garden,,US$22.99,0,https://www.banggood.com/High-Pressure-Booster-Toilet-Spray-Gun-Faucet-Copper-Dual-Control-Valve-Handheld-Bidet-Sprayer-Toilet-Cleaning-Hygienic-Shower-for-Bathroom-Accessories-p-2004597.html?rmmds=FurnitureFlashDeals&cur_warehouse=CN&ID=0,,0,0.0,High,0.0
Home & Garden,,US$14.99,0,https://www.banggood.com/Automatic-Electric-Wine-Openers-USB-Rechargeable-Bottle-Openers-Corkscrew-Wine-Cap-Opener-p-2017694.html?rmmds=FurnitureFlashDeals&cur_warehouse=CN&ID=514943,,0,0.0,High,0.0
Home & Garden,,US$37.49,0,https://www.banggood.com/BlitzWill-BW-PLT2-Smart-Star-Projector-with-Star-and-Colorful-LED-Nebula-6-Theme-Film-Slides-bluetooth-Speaker-White-Noise-Alarm-APPand-Voice-Control-p-2040339.html?rmmds=FurnitureFlashDeals&cur_warehouse=CN&ID=6287845,,0,0.0,High,0.0
Home & Garden,,US$39.99,0,https://www.banggood.com/XIAOMI-MIJIA-D20-Smart-Ceiling-Light-900LM-17W-Ceiling-Lamp-AC100~240V-Suitable-For-Corridors-Balconies-Entrances-p-2028895.html?rmmds=FurnitureFlashDeals&cur_warehouse=CN&ID=6287845,,0,0.0,High,0.0
Home & Garden,,US$33.99,0,https://www.banggood.com/15L-Automatic-Trash-Can-with-Smart-Sensor-Easy-Fast-Packing-Non-contact-Trash-Can-with-Lid-Waterproof-Sensor-Trash-Can-for-Kitchen-Bathroom-Office-p-2033056.html?rmmds=FurnitureFlashDeals&cur_warehouse=CN&ID=6287845,,0,0.0,High,0.0
Home & Garden,,US$235.99,0,https://www.banggood.com/NEWTRAL-MAGICH003-High-Back-Ergonomic-Chair-Auto-Following-Backrest-Adjustable-Headrest-Seat-Depth-Adaptive-Lower-Back-Support-100-300-lbs-Height-Capacity-p-2032940.html?rmmds=FurnitureFlashDeals&cur_warehouse=USA&ID=6287830,,0,0.0,High,0.0
Home & Garden,,US$21.99,0,https://www.banggood.com/AGSIVO-13-Inch-Digital-Wall-Clock-Large-LED-Display-with-Remote-Control-or-Automatic-Brightness-or-Indoor-Temperature-or-Date-or-Week-or-12-or-24H-For-Home-Office-Classroom-p-1998530.html?rmmds=FurnitureFlashDeals&cur_warehouse=CN&ID=226,,0,0.0,High,0.0
Home & Garden,,US$15.49,0,https://www.banggood.com/LIXINCORDA-Astronaut-Starry-Sky-Projection-Lamp-Starry-Sky-Atmosphere-Night-Light-Astronaut-Nebula-Projector-Lamp-p-2027886.html?rmmds=FurnitureFlashDeals&cur_warehouse=CN&ID=515244,,0,0.0,High,0.0
Home & Garden,,US$43.99,0,https://www.banggood.com/AGSIVO-3000W-220V-Instant-Electric-Water-Heater-Faucet-Tap-Tankless-LED-Digital-Display-EU-Plug-for-Kitchen-Bathroom-p-1995245.html?rmmds=FurnitureFlashDeals&cur_warehouse=CN&ID=512748,,0,0.0,High,0.0
Home & Garden,,US$29.99,0,https://www.banggood.com/4-or-6-Pack-TUYA-WIFI-Smart-Wall-Lamp-RGB-Music-Sync-LED-Modern-Decor-Downlight-Simple-Wall-Light-Work-With-Alexa-Google-Assistant-p-2015248.html?rmmds=FurnitureFlashDeals&cur_warehouse=CN&ID=514326566378,,0,0.0,High,0.0
Home & Garden,,US$393.99,0,https://www.banggood.com/NEWTRAL-NT002-Ergonomic-Office-Chair-PRO-VERSION-with-Footrest-High-Back-Desk-Chair-with-Unique-Adjustable-Lumbar-Support-Backrest-Seat-Depth-Adjustment-Tilt-Function-4D-Armrest-Recliner-Chair-for-Home-Office-p-1969362.html?rmmds=FurnitureFlashDeals&cur_warehouse=USA&ID=6334197,,0,0.0,High,0.0
Home & Garden,,US$22.99,0,https://www.banggood.com/LED-Digital-Ambient-Light-Wall-Clock-Remote-Control-Electronic-Mute-Clock-with-Temperature-Humitimy-Date-Week-Display-Timing-Function-Clock-p-2005988.html?rmmds=FurnitureFlashDeals&cur_warehouse=CN&ID=6287832,,0,0.0,High,0.0
Home & Garden,,US$89.99,0,https://www.banggood.com/BlitzWill-BW-CLT2-LED-Smart-Ceiling-Light-40cm-with-Main-Light-and-RGB-Atmosphere-Light-2700-6500K-Adjustable-Temperature-APP-Voice-Remote-Control-and-DIY-Scene-Mode-p-1973815.html?rmmds=FurnitureFlashDeals&cur_warehouse=CN&ID=0,,0,0.0,High,0.0
Home & Garden,,US$9.99,0,https://www.banggood.com/Modern-Melody-Music-Note-Key-Holder-Storage-Box-Rack-Wall-Mounted-Key-Holder-Guitar-Keyring-Hook-Holder-with-4-Guitar-Plugs-p-2033875.html?rmmds=FurnitureFlashDeals&cur_warehouse=CN&ID=6287830,,0,0.0,High,0.0
Home & Garden,,US$109.99,0,https://www.banggood.com/BlitzWill-BWL-FL4-25W-Smart-RGB-Floor-Lamp-With-Up-and-Down-Ambient-Light-2000LM-16M-Colors-Stepless-Dimming-APP-and-Voice-Control-p-2034777.html?rmmds=FurnitureFlashDeals&cur_warehouse=CN&ID=47184,,0,0.0,High,0.0
Home & Garden,,US$45.99,0,https://www.banggood.com/Vintage-Flip-Clock-12-Hour-Automatic-Flip-Clock-Retro-Stainless-Steel-Desk-Clock-Large-Time-Display-Clock-for-Living-Room-Bedroom-Household-p-2020316.html?rmmds=FurnitureFlashDeals&cur_warehouse=CN&ID=6288118,,0,0.0,High,0.0
Home & Garden,,US$14.99,0,https://www.banggood.com/Elfeland-LED-Astronaut-Starry-Sky-Light-Projection-Night-Lamp-8-Dynamic-Lighting-Modes-Water-Ripple-Atmosphere-Lamp-Astronaut-Projection-Lamp-p-2034052.html?rmmds=FurnitureFlashDeals&cur_warehouse=CN&ID=6287845,,0,0.0,High,0.0
Home & Garden,,US$19.99,0,https://www.banggood.com/4-Adjustable-Drip-Arrow-Intelligent-Automatic-Watering-Machine-Watering-Device-Timing-Artifact-Potted-Garden-Plant-Spray-Drip-Irrigation-p-2029162.html?rmmds=FurnitureFlashDeals&cur_warehouse=CN&ID=6292509,,0,0.0,High,0.0
Home & Garden,,US$13.99,0,https://www.banggood.com/6-in-1-Digital-Soil-Tester-PH-Meter-Fertility-Soil-Moisture-Sunlight-Ambient-Humidity-Temperature-Monitor-Detector-Garden-Soil-Analyzer-p-2027889.html?rmmds=FurnitureFlashDeals&cur_warehouse=CN&ID=6287830,,0,0.0,High,0.0
Home & Garden,,US$93.99,0,https://www.banggood.com/Magnetic-Levitation-Globe-LED-Moon-Floating-Romantic-Lamp-Suspended-3D-Moon-Lamp-Rotating-Globe-Bedside-Lamp-p-2028727.html?rmmds=FurnitureFlashDeals&cur_warehouse=CN&ID=471846309146,,0,0.0,High,0.0
Home & Garden,,US$14.99,0,https://www.banggood.com/AGSIVO-4-Inch-Loud-Alarm-Clock-Twin-Bell-Analog-for-Heavy-Sleepers-Silent-Non-Ticking-Quartz-with-Backlight-p-2000038.html?rmmds=FurnitureFlashDeals&cur_warehouse=CN&ID=6287853,,0,0.0,High,0.0
Home & Garden,,US$24.99,0,https://www.banggood.com/4000K-Full-Spectrum-LED-Ceiling-Lamp-Modern-Simple-Bedroom-Lamp-Thin-Thickness-for-Living-Room-Bedroom-Kitchen-p-2032115.html?rmmds=FurnitureFlashDeals&cur_warehouse=CN&ID=6289598,,0,0.0,High,0.0
Home & Garden,,US$9.99,0,https://www.banggood.com/LIXINCORDA-5m~20m-Smart-RGBIC-LED-String-Lights-Music-Sync-IP68-Waterproof-APP-or-Remote-or-Voice-Control-With-Alexa-or-Google-Christmas-Decoration-p-2023681.html?rmmds=FurnitureFlashDeals&cur_warehouse=CN&ID=44707,,0,0.0,High,0.0
Home & Garden,,US$18.99,0,https://www.banggood.com/Yeelight-RGB-Magnetic-Sensor-Night-Light-Dual-Sensor-30-LED-Soft-Glow-750mAh-Type-C-Rechargeable-Magnetic-Night-Lamp-p-2037102.html?rmmds=FurnitureFlashDeals&cur_warehouse=CN&ID=6309312,,0,0.0,High,0.0
Home & Garden,,US$32.99,0,https://www.banggood.com/30cm-24W-Full-Spectrum-Smart-LED-Ceiling-Lamp-3-Color-Temperatures-Modern-Simple-for-5~10-Bedroom-Living-Room-Balcony-Corridor-p-2031615.html?rmmds=FurnitureFlashDeals&cur_warehouse=CN&ID=6287845,,0,0.0,High,0.0
Home & Garden,,US$44.99,0,https://www.banggood.com/304-Stainless-Steel-Kitchen-Faucet-Pull-Out-Rotation-Waterfall-Stream-Sprayer-Brushed-Nickel-High-Efficiency-Cleaning-Elegant-Design-Sink-Mixer-Tap-Accessory-p-2013686.html?rmmds=FurnitureFlashDeals&cur_warehouse=CN&ID=6287853,,0,0.0,High,0.0
Home & Garden,,US$23.99,0,https://www.banggood.com/10-Ribs-Fully-Automatic-Handle-Umbrella-106cm-Detachable-Handle-Reverse-Opening-UV-Umbrella-with-Windproof-Reflective-Stripe-Reverse-Fold-Umbrella-Carabiner-Travel-p-2015794.html?rmmds=FurnitureFlashDeals&cur_warehouse=CN&ID=6287848,,0,0.0,High,0.0
Home & Garden,,US$31.99,0,https://www.banggood.com/UFO-CLOCK-Creative-Weather-Clock-LED-Display-Multi-function-UFO-CLOCK-Creative-Weather-Stock-Exchange-Rate-Clock-p-2027131.html?rmmds=FurnitureFlashDeals&cur_warehouse=CN&ID=6323376,,0,0.0,High,0.0
Home & Garden,,US$29.99,0,https://www.banggood.com/4000mAh-Air-Circulation-Silent-Fan-Portable-Air-Circulator-Fan-3-Speed-Adjustment-Battery-Operated-Fan-Personal-Table-Fan-for-Home-Office-Bedroom-p-2016790.html?rmmds=FurnitureFlashDeals&cur_warehouse=CN&ID=6287836,,0,0.0,High,0.0
Home & Garden,,US$12.99,0,https://www.banggood.com/Honana-WX-T32-Portable-Hand-Held-Mini-Sewing-Machine-Clothes-Fabric-Pocket-For-DIY-Needlework-p-1178022.html?rmmds=FurnitureFlashDeals&cur_warehouse=CN&ID=0,,0,0.0,High,0.0
Home & Garden,,US$14.99,0,https://www.banggood.com/Mouse-Repeller-Solar-Powered-Courtyard-Balcony-Household-Ultrasonic-Animal-Repeller-Bird-Repeller-Household-Ultrasonic-Animal-Repeller-p-2023579.html?rmmds=FurnitureFlashDeals&cur_warehouse=CN&ID=6287563,,0,0.0,High,0.0
Home & Garden,,US$19.99,0,https://www.banggood.com/Handheld-Bidet-Sprayer-Set-304-Stainless-Steel-Sprayer-Shower-Toilet-Bidet-Faucet-Nozzle-Self-Cleaning-p-2032473.html?rmmds=FurnitureFlashDeals&cur_warehouse=CN&ID=6287853,,0,0.0,High,0.0
Home & Garden,,US$9.99,0,https://www.banggood.com/Digital-Alarm-Clock-12-or-24H-Electronic-Alarm-Clock-Voice-activated-Backlight-Temperature-Humidity-Nightlight-Table-Clocks-with-Snooze-Function-p-2005989.html?rmmds=FurnitureFlashDeals&cur_warehouse=CN&ID=6287830,,0,0.0,High,0.0
Home & Garden,,US$25.99,0,https://www.banggood.com/Extra-Large-125cm-Automatic-Umbrella-10-Ribs-Water-Resistant-50+-UV-Protection-With-Carabiner-Handle-Anti-slip-Handle-Protective-Sleeve-Fold-Umbrella-p-2015522.html?rmmds=FurnitureFlashDeals&cur_warehouse=CN&ID=6287832,,0,0.0,High,0.0
Home & Garden,,US$11.99,0,https://www.banggood.com/16_4ft-or-32_8ft-or-65_6ft-iDeal-LED-Colorful-USB-LED-Decorative-String-Lights-with-App-Control-Bluetooth-Remote-IP66-Waterproof-for-Holiday-Room-Decoration-p-2022894.html?rmmds=FurnitureFlashDeals&cur_warehouse=CN&ID=6329678,,0,0.0,High,0.0
Home & Garden,,US$13.19,0,https://www.banggood.com/Xiaomi-Mijia-Night-Light-3-With-Motion-Sensor-and-Light-Sensor-600mah-Rechargeable-Adjustable-Brightness-Night-Lamp-p-2020517.html?rmmds=FurnitureFlashDeals&cur_warehouse=CN&ID=6291855,,0,0.0,High,0.0
Home & Garden,,,0,https://www.banggood.com/BlitzWill-BW-PLT1-Smart-Star-Projector-Upgraded-Version-with-Star-+-Colorful-LED-Nebula-Sync-With-Music-Smart-APP-Control-Timing-and-Countdown-Voice-Control-with-Alexa-p-2041579.html?rmmds=FurnitureFlashDeals,,0,0.0,High,0.0
Home & Garden,,,0,https://www.banggood.com/BlitzWill-BW-SS1-Smart-Outdoor-Eaves-Light-14_5m-LED-String-Music-Sync-Works-With-Alexa-and-Google-Assistant-Waterproof-for-Halloween-and-Christmas-Decorations-p-2025948.html?rmmds=FurnitureFlashDeals,,0,0.0,High,0.0
Home & Garden,,,0,https://www.banggood.com/19-inch-LED-Ceiling-Fan-Light-Flush-Mount-Ceiling-Fan-Lamp-Chandelier-Remote-Control-p-1916000.html?rmmds=FurnitureFlashDeals,,0,0.0,High,0.0
Home & Garden,,,0,https://www.banggood.com/NEWTRAL-LAPD-Detachable-Workstation-Desktop-for-MagicH-BP-or-MagicH-BPro-Ergonomic-Chair-p-2004282.html?rmmds=FurnitureFlashDeals,,0,0.0,High,0.0
Home & Garden,,,0,"https://www.banggood.com/Newtral-MagicH-BP-Ergonomic-Chair-with-Footrest-Home-Office-Desk-Chair-with-Auto-Following-Lumbar-Support,4D-Armrest,Seat-Depth-and-Height-Adjustable,96-136-Reclines-p-2004284.html?rmmds=FurnitureFlashDeals",,0,0.0,High,0.0
Home & Garden,,,0,https://www.banggood.com/NEWTRAL-NT002-Ergonomic-Office-Chair-with-Footrest-High-Back-Desk-Chair-with-Unique-Adjustable-Lumbar-Support-Backrest-Seat-Depth-Adjustment-Tilt-Function-4D-Armrest-Recliner-Chair-for-Home-Office-p-2026064.html?rmmds=FurnitureFlashDeals,,0,0.0,High,0.0
Home & Garden,,,0,https://www.banggood.com/Xiaomi-Mijia-T100-Sonic-Electric-Toothbrush-Rechargeable-IPX7-Waterproof-16500-rpm-High-Frequency-Vibration-30-Days-Endurance-Lightweight-Travel-Ready-Blue-White-Pink-p-2015205.html?rmmds=FurnitureFlashDeals,,0,0.0,High,0.0
Home & Garden,,,0,https://www.banggood.com/Xiaomi-Mijia-T700-Sonic-Electric-Toothbrush-with-Smart-LED-Screen-Wireless-Fast-Charging-High-Quality-DuPont-Bristles-IPX7-Waterproof-App-Support-for-Modern-Oral-Care-Experience-p-2015203.html?rmmds=FurnitureFlashDeals,,0,0.0,High,0.0
Home & Garden,,,0,https://www.banggood.com/Xiaomi-Mijia-Smart-LED-Corridor-Night-Light-Sensor-Induction-Night-Lamp-Automatic-Lighting-For-Home-Corridor-Bedroom-p-2020293.html?rmmds=FurnitureFlashDeals,,0,0.0,High,0.0
Home & Garden,,,0,https://www.banggood.com/Kemei-Classic-Rechargeable-Electric-Shaver-for-Men-Versatile-Grooming-Tool-with-Twin-Blade-Safety-Features-Compact-Design-Ideal-for-Face-Body-Bikini-Underarm-Use-p-2014191.html?rmmds=FurnitureFlashDeals,,0,0.0,High,0.0
Home & Garden,,,0,https://www.banggood.com/Kemei-Model-KM-2026-or-KM-2027-Electric-Shaver-Rechargeable-Beard-and-Hair-Trimmer-with-Two-Floating-Razor-Heads-120-Minutes-Usage-Time-Simple-Cleaning-and-Maintenance-Black-or-Green-p-2015208.html?rmmds=FurnitureFlashDeals,,0,0.0,High,0.0
Home & Garden,,,0,https://www.banggood.com/Kemei-4-in-1-Nose-Ear-Hair-Trimmer-with-High-Quality-Stainless-Steel-Blades-Washable-and-Replaceable-Trimming-Head-Compact-Portable-Design-60-minutes-Working-Time-with-Charging-Indicator-p-2015207.html?rmmds=FurnitureFlashDeals,,0,0.0,High,0.0
